{
  "title": "Approvals & Actions",
  "description": "Central approval and action management page",
  "variables": {
    "allApprovals": {
      "type": "array",
      "defaultValue": []
    },
    "filteredApprovals": {
      "type": "array",
      "defaultValue": []
    },
    "selectedSource": {
      "type": "string",
      "defaultValue": "all"
    },
    "selectedType": {
      "type": "string",
      "defaultValue": "type-all"
    },
    "selectedItems": {
      "type": "array",
      "defaultValue": []
    },
    "totalPendingCount": {
      "type": "number",
      "defaultValue": 0
    },
    "sourceCounts": {
      "type": "object",
      "defaultValue": {
        "oracleHcm": 0,
        "dayforce": 0,
        "amex": 0,
        "alight": 0
      }
    },
    "rejectionReason": {
      "type": "string",
      "defaultValue": ""
    },
    "currentApprovalId": {
      "type": "string",
      "defaultValue": ""
    },
    "totalPages": {
      "type": "number",
      "defaultValue": 1
    },
    "isLoading": {
      "type": "boolean",
      "defaultValue": true
    }
  },
  "chains": {
    "loadAllApprovals": {
      "root": "fetchAllSources",
      "actions": {
        "fetchAllSources": {
          "module": "vb/action/builtin/forkAction",
          "parameters": {
            "branches": ["fetchOracleApprovals", "fetchDayforceApprovals", "fetchAmexApprovals", "fetchAlightApprovals"]
          },
          "outcomes": {
            "finished": "mergeApprovals"
          }
        },
        "fetchOracleApprovals": {
          "module": "vb/action/builtin/restAction",
          "parameters": {
            "endpoint": "oracleHCM/getPendingActions",
            "uriParams": {
              "personId": "{{ $application.variables.currentUser.personId }}"
            }
          }
        },
        "fetchDayforceApprovals": {
          "module": "vb/action/builtin/restAction",
          "parameters": {
            "endpoint": "dayforceAbsence/getPendingRequests",
            "uriParams": {
              "managerId": "{{ $application.variables.currentUser.personId }}"
            }
          }
        },
        "fetchAmexApprovals": {
          "module": "vb/action/builtin/restAction",
          "parameters": {
            "endpoint": "amexActions/getPendingApprovals",
            "uriParams": {
              "personId": "{{ $application.variables.currentUser.personId }}"
            }
          }
        },
        "fetchAlightApprovals": {
          "module": "vb/action/builtin/restAction",
          "parameters": {
            "endpoint": "alightBenefits/getPendingApprovals",
            "uriParams": {
              "personId": "{{ $application.variables.currentUser.personId }}"
            }
          }
        },
        "mergeApprovals": {
          "module": "vb/action/builtin/callModuleFunctionAction",
          "parameters": {
            "module": "[[$page.functions]]",
            "functionName": "mergeAndProcessApprovals",
            "params": [
              "{{ $chain.results.fetchOracleApprovals }}",
              "{{ $chain.results.fetchDayforceApprovals }}",
              "{{ $chain.results.fetchAmexApprovals }}",
              "{{ $chain.results.fetchAlightApprovals }}"
            ]
          },
          "outcomes": {
            "success": "assignApprovals"
          }
        },
        "assignApprovals": {
          "module": "vb/action/builtin/assignVariablesAction",
          "parameters": {
            "$page.variables.allApprovals": {
              "source": "{{ $chain.results.mergeApprovals.items }}"
            },
            "$page.variables.filteredApprovals": {
              "source": "{{ $chain.results.mergeApprovals.items }}"
            },
            "$page.variables.totalPendingCount": {
              "source": "{{ $chain.results.mergeApprovals.totalCount }}"
            },
            "$page.variables.sourceCounts": {
              "source": "{{ $chain.results.mergeApprovals.sourceCounts }}"
            },
            "$page.variables.isLoading": {
              "source": false
            }
          }
        }
      }
    },
    "approveItem": {
      "root": "determineSource",
      "actions": {
        "determineSource": {
          "module": "vb/action/builtin/callModuleFunctionAction",
          "parameters": {
            "module": "[[$page.functions]]",
            "functionName": "getApprovalEndpoint",
            "params": ["{{ $event.detail.source }}", "approve"]
          },
          "outcomes": {
            "success": "callApproveEndpoint"
          }
        },
        "callApproveEndpoint": {
          "module": "vb/action/builtin/restAction",
          "parameters": {
            "endpoint": "{{ $chain.results.determineSource.endpoint }}",
            "uriParams": {
              "id": "{{ $event.detail.id }}"
            },
            "body": {
              "action": "approve",
              "approverId": "{{ $application.variables.currentUser.personId }}"
            }
          },
          "outcomes": {
            "success": "showSuccessMessage"
          }
        },
        "showSuccessMessage": {
          "module": "vb/action/builtin/callComponentMethodAction",
          "parameters": {
            "component": "#globalMessages",
            "method": "addMessage",
            "params": [{
              "severity": "confirmation",
              "summary": "Approved",
              "detail": "The request has been approved successfully."
            }]
          },
          "outcomes": {
            "success": "refreshList"
          }
        },
        "refreshList": {
          "module": "vb/action/builtin/callChainAction",
          "parameters": {
            "id": "loadAllApprovals"
          }
        }
      }
    },
    "rejectItem": {
      "root": "openRejectionDialog",
      "actions": {
        "openRejectionDialog": {
          "module": "vb/action/builtin/assignVariablesAction",
          "parameters": {
            "$page.variables.currentApprovalId": {
              "source": "{{ $event.detail.id }}"
            },
            "$page.variables.rejectionReason": {
              "source": ""
            }
          },
          "outcomes": {
            "success": "showDialog"
          }
        },
        "showDialog": {
          "module": "vb/action/builtin/callComponentMethodAction",
          "parameters": {
            "component": "#rejectionDialog",
            "method": "open"
          }
        }
      }
    },
    "confirmRejection": {
      "root": "submitRejection",
      "actions": {
        "submitRejection": {
          "module": "vb/action/builtin/restAction",
          "parameters": {
            "endpoint": "{{ $page.functions.getApprovalEndpoint($page.variables.currentSource, 'reject') }}",
            "uriParams": {
              "id": "{{ $page.variables.currentApprovalId }}"
            },
            "body": {
              "action": "reject",
              "reason": "{{ $page.variables.rejectionReason }}",
              "approverId": "{{ $application.variables.currentUser.personId }}"
            }
          },
          "outcomes": {
            "success": "closeDialogAndRefresh"
          }
        },
        "closeDialogAndRefresh": {
          "module": "vb/action/builtin/callComponentMethodAction",
          "parameters": {
            "component": "#rejectionDialog",
            "method": "close"
          },
          "outcomes": {
            "success": "refreshList"
          }
        },
        "refreshList": {
          "module": "vb/action/builtin/callChainAction",
          "parameters": {
            "id": "loadAllApprovals"
          }
        }
      }
    },
    "filterApprovals": {
      "root": "applyFilters",
      "actions": {
        "applyFilters": {
          "module": "vb/action/builtin/callModuleFunctionAction",
          "parameters": {
            "module": "[[$page.functions]]",
            "functionName": "filterApprovals",
            "params": [
              "{{ $page.variables.allApprovals }}",
              "{{ $page.variables.selectedSource }}",
              "{{ $page.variables.selectedType }}"
            ]
          },
          "outcomes": {
            "success": "assignFiltered"
          }
        },
        "assignFiltered": {
          "module": "vb/action/builtin/assignVariablesAction",
          "parameters": {
            "$page.variables.filteredApprovals": {
              "source": "{{ $chain.results.applyFilters }}"
            }
          }
        }
      }
    }
  },
  "eventListeners": {
    "vbEnter": {
      "chains": [
        {
          "chainId": "loadAllApprovals"
        }
      ]
    },
    "filterBySource": {
      "chains": [
        {
          "chainId": "filterApprovals"
        }
      ]
    },
    "approveItem": {
      "chains": [
        {
          "chainId": "approveItem"
        }
      ]
    },
    "rejectItem": {
      "chains": [
        {
          "chainId": "rejectItem"
        }
      ]
    },
    "confirmRejection": {
      "chains": [
        {
          "chainId": "confirmRejection"
        }
      ]
    },
    "refreshAll": {
      "chains": [
        {
          "chainId": "loadAllApprovals"
        }
      ]
    }
  }
}
