{
  "title": "Learning",
  "description": "Learning and Development Page",
  "variables": {
    "stats": { "type": "object", "defaultValue": { "hoursCompleted": 0, "coursesCompleted": 0, "certificationsEarned": 0 } },
    "requiredCourses": { "type": "array", "defaultValue": [] },
    "inProgressCourses": { "type": "array", "defaultValue": [] },
    "recommendedCourses": { "type": "array", "defaultValue": [] }
  },
  "chains": {
    "loadLearningData": {
      "root": "fetchLearning",
      "actions": {
        "fetchLearning": {
          "module": "vb/action/builtin/restAction",
          "parameters": {
            "endpoint": "oracleHCM/getLearningHours",
            "uriParams": { "personId": "{{ $application.variables.currentUser.personId }}" }
          },
          "outcomes": { "success": "assignStats" }
        },
        "assignStats": {
          "module": "vb/action/builtin/assignVariablesAction",
          "parameters": { "$page.variables.stats": { "source": "{{ $chain.results.fetchLearning.body }}" } }
        }
      }
    }
  },
  "eventListeners": { "vbEnter": { "chains": [{ "chainId": "loadLearningData" }] } }
}
