{
  "name": "ADP Payroll Service Connection",
  "description": "Service connection for ADP Payroll APIs",
  "type": "rest",
  "baseUrl": "https://api.adp.com/hr/v2",
  "authentication": {
    "type": "oauth2",
    "grantType": "client_credentials",
    "tokenUrl": "https://api.adp.com/auth/oauth/v2/token",
    "clientId": "${ADP_CLIENT_ID}",
    "clientSecret": "${ADP_CLIENT_SECRET}"
  },
  "headers": {
    "Content-Type": "application/json",
    "Accept": "application/json"
  },
  "endpoints": {
    "getNextPaycheck": {
      "path": "/workers/{personId}/pay-statements/upcoming",
      "method": "GET",
      "description": "Get upcoming paycheck details",
      "parameters": {
        "personId": {
          "type": "path",
          "required": true
        }
      }
    },
    "getPayStatements": {
      "path": "/workers/{personId}/pay-statements",
      "method": "GET",
      "description": "Get historical pay statements",
      "parameters": {
        "personId": {
          "type": "path",
          "required": true
        },
        "startDate": {
          "type": "query"
        },
        "endDate": {
          "type": "query"
        }
      }
    },
    "getPayDistributions": {
      "path": "/workers/{personId}/pay-distributions",
      "method": "GET",
      "description": "Get pay distribution settings"
    },
    "getTaxWithholdings": {
      "path": "/workers/{personId}/tax-withholdings",
      "method": "GET",
      "description": "Get tax withholding information"
    },
    "getW2Forms": {
      "path": "/workers/{personId}/tax-documents",
      "method": "GET",
      "description": "Get W2 and tax forms",
      "parameters": {
        "year": {
          "type": "query"
        }
      }
    }
  }
}
