{
  "name": "Alight Benefits Service Connection",
  "description": "Service connection for Alight Benefits Provider APIs",
  "type": "rest",
  "baseUrl": "https://api.alight.com/benefits/v2",
  "authentication": {
    "type": "oauth2",
    "grantType": "client_credentials",
    "tokenUrl": "https://api.alight.com/oauth/token"
  },
  "headers": {
    "Content-Type": "application/json",
    "Accept": "application/json"
  },
  "endpoints": {
    "getEnrollmentStatus": {
      "path": "/employees/{personId}/enrollment-status",
      "method": "GET",
      "description": "Get benefits enrollment status",
      "parameters": {
        "personId": {
          "type": "path",
          "required": true
        }
      }
    },
    "getCurrentBenefits": {
      "path": "/employees/{personId}/current-benefits",
      "method": "GET",
      "description": "Get current benefit elections"
    },
    "getBenefitPlans": {
      "path": "/benefit-plans",
      "method": "GET",
      "description": "Get available benefit plans",
      "parameters": {
        "year": {
          "type": "query"
        },
        "planType": {
          "type": "query"
        }
      }
    },
    "getDependents": {
      "path": "/employees/{personId}/dependents",
      "method": "GET",
      "description": "Get employee's dependents"
    },
    "getBeneficiaries": {
      "path": "/employees/{personId}/beneficiaries",
      "method": "GET",
      "description": "Get benefit beneficiaries"
    },
    "getHealthSavingsAccount": {
      "path": "/employees/{personId}/hsa",
      "method": "GET",
      "description": "Get HSA account details"
    },
    "getFlexSpendingAccount": {
      "path": "/employees/{personId}/fsa",
      "method": "GET",
      "description": "Get FSA account details"
    },
    "getClaims": {
      "path": "/employees/{personId}/claims",
      "method": "GET",
      "description": "Get benefits claims history",
      "parameters": {
        "fromDate": {
          "type": "query"
        },
        "toDate": {
          "type": "query"
        }
      }
    },
    "getLifeEvents": {
      "path": "/employees/{personId}/life-events",
      "method": "GET",
      "description": "Get qualifying life events"
    },
    "submitLifeEvent": {
      "path": "/employees/{personId}/life-events",
      "method": "POST",
      "description": "Submit a qualifying life event"
    },
    "getRetirement401k": {
      "path": "/employees/{personId}/retirement/401k",
      "method": "GET",
      "description": "Get 401k details"
    },
    "getPension": {
      "path": "/employees/{personId}/retirement/pension",
      "method": "GET",
      "description": "Get pension details"
    }
  }
}
