{
  "name": "Amex Actions Approval Service Connection",
  "description": "Service connection for American Express Corporate Card Actions/Approvals",
  "type": "rest",
  "baseUrl": "https://api.americanexpress.com/corporate/v1",
  "authentication": {
    "type": "oauth2",
    "grantType": "client_credentials",
    "tokenUrl": "https://api.americanexpress.com/oauth/token"
  },
  "headers": {
    "Content-Type": "application/json",
    "Accept": "application/json"
  },
  "endpoints": {
    "getPendingApprovals": {
      "path": "/approvers/{personId}/pending-actions",
      "method": "GET",
      "description": "Get pending expense approvals",
      "parameters": {
        "personId": {
          "type": "path",
          "required": true
        }
      }
    },
    "getExpenseReports": {
      "path": "/employees/{personId}/expense-reports",
      "method": "GET",
      "description": "Get expense reports",
      "parameters": {
        "status": {
          "type": "query"
        },
        "fromDate": {
          "type": "query"
        },
        "toDate": {
          "type": "query"
        }
      }
    },
    "getExpenseDetails": {
      "path": "/expense-reports/{reportId}",
      "method": "GET",
      "description": "Get expense report details"
    },
    "approveExpense": {
      "path": "/expense-reports/{reportId}/approve",
      "method": "POST",
      "description": "Approve an expense report"
    },
    "rejectExpense": {
      "path": "/expense-reports/{reportId}/reject",
      "method": "POST",
      "description": "Reject an expense report"
    },
    "getCardStatement": {
      "path": "/cards/{cardId}/statements",
      "method": "GET",
      "description": "Get card statements",
      "parameters": {
        "fromDate": {
          "type": "query"
        },
        "toDate": {
          "type": "query"
        }
      }
    },
    "getTransactions": {
      "path": "/cards/{cardId}/transactions",
      "method": "GET",
      "description": "Get card transactions"
    },
    "submitExpenseReport": {
      "path": "/employees/{personId}/expense-reports",
      "method": "POST",
      "description": "Submit a new expense report"
    },
    "getExpenseCategories": {
      "path": "/expense-categories",
      "method": "GET",
      "description": "Get expense categories"
    }
  }
}
