{
  "name": "Ceridian Dayforce Payroll Service Connection",
  "description": "Service connection for Ceridian Dayforce Payroll APIs",
  "type": "rest",
  "baseUrl": "https://your-tenant.dayforcehcm.com/api",
  "authentication": {
    "type": "oauth2",
    "grantType": "client_credentials",
    "tokenUrl": "https://your-tenant.dayforcehcm.com/connect/token",
    "scope": "payroll.read"
  },
  "headers": {
    "Content-Type": "application/json",
    "Accept": "application/json"
  },
  "endpoints": {
    "getPaySummaries": {
      "path": "/v1/Employees/{personId}/PaySummaries",
      "method": "GET",
      "description": "Get pay summaries for an employee"
    },
    "getPayStatements": {
      "path": "/v1/Employees/{personId}/PayStatements",
      "method": "GET",
      "description": "Get detailed pay statements",
      "parameters": {
        "fromDate": {
          "type": "query"
        },
        "toDate": {
          "type": "query"
        }
      }
    },
    "getDeductions": {
      "path": "/v1/Employees/{personId}/Deductions",
      "method": "GET",
      "description": "Get deduction details"
    },
    "getEarnings": {
      "path": "/v1/Employees/{personId}/Earnings",
      "method": "GET",
      "description": "Get earnings breakdown"
    }
  }
}
