{
  "name": "Dayforce Absence Management Service Connection",
  "description": "Service connection for Dayforce Absence Management APIs",
  "type": "rest",
  "baseUrl": "https://your-tenant.dayforcehcm.com/api",
  "authentication": {
    "type": "oauth2",
    "grantType": "client_credentials",
    "tokenUrl": "https://your-tenant.dayforcehcm.com/connect/token",
    "scope": "absence.read absence.write"
  },
  "headers": {
    "Content-Type": "application/json",
    "Accept": "application/json"
  },
  "endpoints": {
    "getBalance": {
      "path": "/v1/Employees/{personId}/TimeOffBalances",
      "method": "GET",
      "description": "Get PTO/absence balances for an employee",
      "parameters": {
        "personId": {
          "type": "path",
          "required": true
        },
        "asOfDate": {
          "type": "query"
        }
      }
    },
    "getAbsenceRequests": {
      "path": "/v1/Employees/{personId}/TimeOffRequests",
      "method": "GET",
      "description": "Get absence requests",
      "parameters": {
        "status": {
          "type": "query"
        },
        "fromDate": {
          "type": "query"
        },
        "toDate": {
          "type": "query"
        }
      }
    },
    "submitAbsenceRequest": {
      "path": "/v1/Employees/{personId}/TimeOffRequests",
      "method": "POST",
      "description": "Submit a new absence request"
    },
    "getPendingRequests": {
      "path": "/v1/Managers/{managerId}/PendingTimeOffRequests",
      "method": "GET",
      "description": "Get pending requests for manager approval",
      "parameters": {
        "managerId": {
          "type": "path",
          "required": true
        }
      }
    },
    "approveRequest": {
      "path": "/v1/TimeOffRequests/{requestId}/approve",
      "method": "POST",
      "description": "Approve an absence request"
    },
    "rejectRequest": {
      "path": "/v1/TimeOffRequests/{requestId}/reject",
      "method": "POST",
      "description": "Reject an absence request"
    },
    "getAbsenceTypes": {
      "path": "/v1/AbsenceTypes",
      "method": "GET",
      "description": "Get available absence types"
    },
    "getTeamCalendar": {
      "path": "/v1/Managers/{managerId}/TeamAbsenceCalendar",
      "method": "GET",
      "description": "Get team absence calendar",
      "parameters": {
        "fromDate": {
          "type": "query"
        },
        "toDate": {
          "type": "query"
        }
      }
    }
  }
}
