{
  "name": "LTIA Long Term Incentives Service Connection",
  "description": "Service connection for Long Term Incentive Awards Portal",
  "type": "rest",
  "baseUrl": "https://ltia-portal.yourcompany.com/api/v1",
  "authentication": {
    "type": "oauth2",
    "grantType": "authorization_code",
    "tokenUrl": "https://ltia-portal.yourcompany.com/oauth/token",
    "authorizationUrl": "https://ltia-portal.yourcompany.com/oauth/authorize"
  },
  "headers": {
    "Content-Type": "application/json",
    "Accept": "application/json"
  },
  "endpoints": {
    "getAwards": {
      "path": "/employees/{personId}/awards",
      "method": "GET",
      "description": "Get all LTIA awards for an employee",
      "parameters": {
        "personId": {
          "type": "path",
          "required": true
        },
        "status": {
          "type": "query"
        }
      }
    },
    "getAwardDetails": {
      "path": "/awards/{awardId}",
      "method": "GET",
      "description": "Get detailed information about a specific award"
    },
    "getVestingSchedule": {
      "path": "/employees/{personId}/vesting-schedule",
      "method": "GET",
      "description": "Get vesting schedule for employee's awards"
    },
    "getStockValue": {
      "path": "/stock/current-value",
      "method": "GET",
      "description": "Get current stock value"
    },
    "getTransactionHistory": {
      "path": "/employees/{personId}/transactions",
      "method": "GET",
      "description": "Get LTIA transaction history",
      "parameters": {
        "fromDate": {
          "type": "query"
        },
        "toDate": {
          "type": "query"
        }
      }
    },
    "getTaxDocuments": {
      "path": "/employees/{personId}/tax-documents",
      "method": "GET",
      "description": "Get LTIA-related tax documents"
    }
  }
}
