{
  "name": "Oracle HCM Cloud Service Connection",
  "description": "Service connection for Oracle Human Capital Management Cloud REST APIs",
  "type": "rest",
  "baseUrl": "https://your-tenant.oraclecloud.com/hcmRestApi/resources",
  "authentication": {
    "type": "oauth2",
    "grantType": "authorization_code",
    "tokenUrl": "https://your-tenant.oraclecloud.com/oauth2/v1/token",
    "authorizationUrl": "https://your-tenant.oraclecloud.com/oauth2/v1/authorize",
    "scope": "urn:opc:resource:consumer::all"
  },
  "headers": {
    "Content-Type": "application/json",
    "Accept": "application/json"
  },
  "endpoints": {
    "getCurrentUser": {
      "path": "/11.13.18.05/emps",
      "method": "GET",
      "description": "Get current logged in user details",
      "parameters": {
        "q": {
          "type": "query",
          "description": "Query filter"
        },
        "fields": {
          "type": "query",
          "description": "Fields to return"
        }
      }
    },
    "getEmployee": {
      "path": "/11.13.18.05/emps/{personId}",
      "method": "GET",
      "description": "Get employee by person ID",
      "parameters": {
        "personId": {
          "type": "path",
          "required": true
        }
      }
    },
    "getDirectReports": {
      "path": "/11.13.18.05/emps",
      "method": "GET",
      "description": "Get direct reports for a manager",
      "parameters": {
        "managerId": {
          "type": "query"
        },
        "q": {
          "type": "query"
        }
      }
    },
    "getPendingActions": {
      "path": "/11.13.18.05/worklist",
      "method": "GET",
      "description": "Get pending workflow actions",
      "parameters": {
        "personId": {
          "type": "query"
        },
        "status": {
          "type": "query",
          "defaultValue": "PENDING"
        }
      }
    },
    "getLearningHours": {
      "path": "/11.13.18.05/learnLearnerLearningRecords",
      "method": "GET",
      "description": "Get learning hours completed",
      "parameters": {
        "personId": {
          "type": "query"
        },
        "year": {
          "type": "query"
        }
      }
    },
    "getPerformanceRating": {
      "path": "/11.13.18.05/performanceDocuments",
      "method": "GET",
      "description": "Get performance rating",
      "parameters": {
        "personId": {
          "type": "query"
        }
      }
    },
    "getManagerKPIs": {
      "path": "/11.13.18.05/managerKPIs",
      "method": "GET",
      "description": "Get manager specific KPIs",
      "parameters": {
        "managerId": {
          "type": "query"
        }
      }
    },
    "getAnnouncements": {
      "path": "/11.13.18.05/announcements",
      "method": "GET",
      "description": "Get company announcements",
      "parameters": {
        "limit": {
          "type": "query",
          "defaultValue": 10
        }
      }
    },
    "getNotifications": {
      "path": "/11.13.18.05/notifications",
      "method": "GET",
      "description": "Get user notifications",
      "parameters": {
        "personId": {
          "type": "query"
        }
      }
    },
    "getTalentProfile": {
      "path": "/11.13.18.05/talentProfiles/{personId}",
      "method": "GET",
      "description": "Get talent profile for an employee"
    },
    "getGoals": {
      "path": "/11.13.18.05/goals",
      "method": "GET",
      "description": "Get goals for an employee",
      "parameters": {
        "personId": {
          "type": "query"
        },
        "type": {
          "type": "query"
        }
      }
    },
    "getCompensation": {
      "path": "/11.13.18.05/salaries",
      "method": "GET",
      "description": "Get compensation details",
      "parameters": {
        "personId": {
          "type": "query"
        }
      }
    },
    "getRequisitions": {
      "path": "/11.13.18.05/requisitions",
      "method": "GET",
      "description": "Get job requisitions (for HR)",
      "parameters": {
        "status": {
          "type": "query"
        }
      }
    },
    "getCandidates": {
      "path": "/11.13.18.05/candidates",
      "method": "GET",
      "description": "Get candidates for a requisition",
      "parameters": {
        "requisitionId": {
          "type": "query"
        }
      }
    }
  }
}
