{
  "title": "Dashboard",
  "description": "Colleague 360 Dashboard",
  "variables": {
    "actionsBarVisible": {"type": "boolean", "defaultValue": false},
    "chartData": {"type": "vb/ArrayDataProvider2", "defaultValue": {"data": "{{ $variables.chartDataArray }}", "itemType": "ChartType", "keyAttributes": "id"}},
    "chartDataArray": {"type": "ChartType[]", "defaultValue": [{"id": 1, "series": "01 - Qualification (10)", "group": "Group 1", "value": 10}, {"id": 2, "series": "02 - Discovery (15)", "group": "Group 1", "value": 15}, {"id": 3, "series": "03 - Building Vision (25)", "group": "Group 1", "value": 25}, {"id": 4, "series": "04 - Presentation (21)", "group": "Group 1", "value": 21}, {"id": 5, "series": "05 - Agreement (17)", "group": "Group 1", "value": 17}, {"id": 6, "series": "06 - Negotiation (27)", "group": "Group 1", "value": 27}]},
    "notificationData": {"type": "vb/ArrayDataProvider2", "defaultValue": {"data": "{{ $variables.notificationDataArray }}", "itemType": "NotificationType", "keyAttributes": "id"}},
    "notificationDataArray": {"type": "NotificationType[]", "defaultValue": [{"id": 1, "name": "New Messages", "value": 10, "badge": 1}, {"id": 2, "name": "New Reports", "value": 3, "badge": 1}, {"id": 3, "name": "Overdue Tasks", "value": 12, "badge": 2}, {"id": 4, "name": "Today Meetings", "value": 4, "badge": 3}]},
    "actionsData": {"type": "vb/ArrayDataProvider2", "defaultValue": {"data": "{{ $variables.actionsArray }}", "itemType": "ActionItemType", "keyAttributes": "id"}},
    "actionsArray": {"type": "ActionItemType[]", "defaultValue": [{"id": "1", "title": "Approve Time-off Request", "description": "John Smith - Dec 24-26", "source": "Dayforce", "priority": "high", "dueDate": "2026-02-10"}, {"id": "2", "title": "Complete Security Training", "description": "Annual certification", "source": "Oracle HCM", "priority": "medium", "dueDate": "2026-02-15"}, {"id": "3", "title": "Submit Expense Report", "description": "Q1 travel expenses", "source": "Amex", "priority": "medium", "dueDate": "2026-02-20"}, {"id": "4", "title": "Review Benefits Elections", "description": "Open enrollment ends soon", "source": "Alight", "priority": "high", "dueDate": "2026-02-28"}, {"id": "5", "title": "Update Emergency Contacts", "description": "Annual verification", "source": "Oracle HCM", "priority": "low", "dueDate": "2026-03-01"}]}
  },
  "metadata": {},
  "types": {
    "ChartType": {"group": "string", "id": "number", "series": "string", "value": "number"},
    "NotificationType": {"id": "number", "name": "string", "value": "number", "badge": "number"},
    "ActionItemType": {"id": "string", "title": "string", "description": "string", "source": "string", "priority": "string", "dueDate": "string"}
  },
  "eventListeners": {
    "buttonAction": {"chains": [{"chain": "ToggleActionsBarChain"}]},
    "vbEnter": {"chains": [{"chain": "ToggleActionsBarChain", "parameters": {}}, {"chain": "FadeInMainContent", "parameters": {}}]}
  },
  "imports": {
    "components": {"oj-avatar": {"path": "ojs/ojavatar"}, "oj-button": {"path": "ojs/ojbutton"}, "oj-chart": {"path": "ojs/ojchart"}, "oj-chart-item": {"path": "ojs/ojchart"}, "oj-list-item-layout": {"path": "ojs/ojlistitemlayout"}, "oj-list-view": {"path": "ojs/ojlistview"}, "oj-option": {"path": "ojs/ojoption"}, "oj-radioset": {"path": "ojs/ojradioset"}},
    "css": ["/resources/css/dashboard-template.css"]
  },
  "routerFlow": "recipe"
}
