{
  "id": "approvals",
  "description": "Approval workflows management",
  "defaultPage": "approvals-start-page",
  "variables": {
    "pendingApprovals": {
      "type": "array",
      "defaultValue": []
    }
  },
  "types": {
    "ApprovalItem": {
      "properties": {
        "id": { "type": "string" },
        "type": { "type": "string" },
        "title": { "type": "string" },
        "requestor": { "type": "string" },
        "submittedDate": { "type": "string" },
        "priority": { "type": "string" },
        "status": { "type": "string" }
      }
    }
  },
  "chains": {},
  "eventListeners": {}
}
