{
  "id": "benefits",
  "description": "Benefits enrollment and management flow",
  "defaultPage": "benefits-start-page",
  "variables": {
    "enrollmentPeriod": {
      "type": "object",
      "properties": {
        "status": { "type": "string" },
        "startDate": { "type": "string" },
        "endDate": { "type": "string" }
      }
    },
    "benefitsSummary": {
      "type": "object",
      "properties": {
        "medical": { "type": "object" },
        "dental": { "type": "object" },
        "vision": { "type": "object" },
        "life": { "type": "object" },
        "fsa": { "type": "object" },
        "hsa": { "type": "object" }
      }
    },
    "totalDeductions": {
      "type": "number",
      "defaultValue": 0
    }
  },
  "types": {
    "BenefitPlan": {
      "properties": {
        "id": { "type": "string" },
        "name": { "type": "string" },
        "type": { "type": "string" },
        "coverage": { "type": "string" },
        "monthlyPremium": { "type": "number" },
        "employerContribution": { "type": "number" },
        "employeeContribution": { "type": "number" },
        "effectiveDate": { "type": "string" },
        "status": { "type": "string" }
      }
    },
    "Dependent": {
      "properties": {
        "id": { "type": "string" },
        "name": { "type": "string" },
        "relationship": { "type": "string" },
        "dateOfBirth": { "type": "string" },
        "coveredPlans": { "type": "array" }
      }
    }
  },
  "chains": {
    "loadBenefitsDataChain": {
      "root": "loadBenefitsData",
      "actions": {
        "loadBenefitsData": {
          "module": "vb/action/builtin/callModuleFunctionAction",
          "parameters": {
            "module": "{{$flow.functions}}",
            "functionName": "loadBenefitsData"
          }
        }
      }
    }
  },
  "eventListeners": {
    "vbEnter": {
      "chains": [
        {
          "chain": "loadBenefitsDataChain"
        }
      ]
    }
  }
}
