{
  "title": "My Team",
  "description": "Team Management Page for Managers",
  "variables": {
    "teamMembers": {
      "type": "array",
      "defaultValue": []
    },
    "filteredTeamMembers": {
      "type": "array",
      "defaultValue": []
    },
    "teamStats": {
      "type": "object",
      "defaultValue": {
        "outToday": 0,
        "pendingApprovals": 0,
        "goalsInProgress": 0
      }
    },
    "selectedView": {
      "type": "string",
      "defaultValue": "view-list"
    },
    "searchQuery": {
      "type": "string",
      "defaultValue": ""
    },
    "filterStatus": {
      "type": "string",
      "defaultValue": "all"
    },
    "calendarDate": {
      "type": "string",
      "defaultValue": ""
    },
    "calendarWeeks": {
      "type": "array",
      "defaultValue": []
    },
    "teamSkillsData": {
      "type": "array",
      "defaultValue": []
    },
    "skillColumns": {
      "type": "array",
      "defaultValue": []
    },
    "skillCategory": {
      "type": "string",
      "defaultValue": "all"
    }
  },
  "chains": {
    "loadTeamData": {
      "root": "fetchTeam",
      "actions": {
        "fetchTeam": {
          "module": "vb/action/builtin/restAction",
          "parameters": {
            "endpoint": "oracleHCM/getDirectReports",
            "uriParams": {
              "managerId": "{{ $application.variables.currentUser.personId }}"
            }
          },
          "outcomes": {
            "success": "processTeamData"
          }
        },
        "processTeamData": {
          "module": "vb/action/builtin/callModuleFunctionAction",
          "parameters": {
            "module": "[[$page.functions]]",
            "functionName": "processTeamData",
            "params": ["{{ $chain.results.fetchTeam.body }}"]
          },
          "outcomes": {
            "success": "assignTeamData"
          }
        },
        "assignTeamData": {
          "module": "vb/action/builtin/assignVariablesAction",
          "parameters": {
            "$page.variables.teamMembers": {
              "source": "{{ $chain.results.processTeamData.members }}"
            },
            "$page.variables.filteredTeamMembers": {
              "source": "{{ $chain.results.processTeamData.members }}"
            },
            "$page.variables.teamStats": {
              "source": "{{ $chain.results.processTeamData.stats }}"
            }
          }
        }
      }
    },
    "filterTeam": {
      "root": "applyFilter",
      "actions": {
        "applyFilter": {
          "module": "vb/action/builtin/callModuleFunctionAction",
          "parameters": {
            "module": "[[$page.functions]]",
            "functionName": "filterTeamMembers",
            "params": [
              "{{ $page.variables.teamMembers }}",
              "{{ $page.variables.searchQuery }}",
              "{{ $page.variables.filterStatus }}"
            ]
          },
          "outcomes": {
            "success": "assignFiltered"
          }
        },
        "assignFiltered": {
          "module": "vb/action/builtin/assignVariablesAction",
          "parameters": {
            "$page.variables.filteredTeamMembers": {
              "source": "{{ $chain.results.applyFilter }}"
            }
          }
        }
      }
    },
    "loadTeamCalendar": {
      "root": "fetchCalendar",
      "actions": {
        "fetchCalendar": {
          "module": "vb/action/builtin/restAction",
          "parameters": {
            "endpoint": "dayforceAbsence/getTeamCalendar",
            "uriParams": {
              "managerId": "{{ $application.variables.currentUser.personId }}",
              "fromDate": "{{ $page.functions.getMonthStart($page.variables.calendarDate) }}",
              "toDate": "{{ $page.functions.getMonthEnd($page.variables.calendarDate) }}"
            }
          },
          "outcomes": {
            "success": "processCalendar"
          }
        },
        "processCalendar": {
          "module": "vb/action/builtin/callModuleFunctionAction",
          "parameters": {
            "module": "[[$page.functions]]",
            "functionName": "buildCalendarWeeks",
            "params": ["{{ $page.variables.calendarDate }}", "{{ $chain.results.fetchCalendar.body }}"]
          },
          "outcomes": {
            "success": "assignCalendar"
          }
        },
        "assignCalendar": {
          "module": "vb/action/builtin/assignVariablesAction",
          "parameters": {
            "$page.variables.calendarWeeks": {
              "source": "{{ $chain.results.processCalendar }}"
            }
          }
        }
      }
    }
  },
  "eventListeners": {
    "vbEnter": {
      "chains": [
        {
          "chainId": "loadTeamData"
        }
      ]
    },
    "searchTeam": {
      "chains": [
        {
          "chainId": "filterTeam"
        }
      ]
    }
  }
}
