{
  "id": "performance",
  "description": "Performance management flow",
  "defaultPage": "performance-start-page",
  "variables": {
    "currentReviewCycle": {
      "type": "object"
    },
    "goals": {
      "type": "array",
      "defaultValue": []
    }
  },
  "types": {
    "Goal": {
      "properties": {
        "id": { "type": "string" },
        "title": { "type": "string" },
        "description": { "type": "string" },
        "category": { "type": "string" },
        "weight": { "type": "number" },
        "progress": { "type": "number" },
        "status": { "type": "string" },
        "dueDate": { "type": "string" }
      }
    }
  },
  "chains": {},
  "eventListeners": {}
}
