{
  "id": "dashboard",
  "description": "Dashboard flow with KPIs and quick actions",
  "defaultPage": "dashboard-start",
  "services": {},
  "types": {
    "KPIType": {
      "id": "string",
      "name": "string",
      "value": "any",
      "trend": "string",
      "trendValue": "number",
      "icon": "string",
      "color": "string"
    },
    "ActionItemType": {
      "id": "string",
      "title": "string",
      "description": "string",
      "source": "string",
      "priority": "string",
      "dueDate": "string",
      "type": "string"
    },
    "TeamMemberType": {
      "id": "number",
      "name": "string",
      "jobTitle": "string",
      "photoUrl": "string",
      "status": "string"
    }
  },
  "variables": {}
}
