{
  "pageModelVersion": "19.4.3.2",
  "routerFlow": "dashboard-template",
  "variables": {
    "currentNav": {
      "type": "string",
      "defaultValue": "dashboard-template"
    },
    "drawerOpen": {
      "type": "boolean",
      "defaultValue": true
    },
    "currentFlowTitle": {
      "type": "string",
      "defaultValue": ""
    },
    "messagesADP": {
      "type": "vb/ArrayDataProvider",
      "defaultValue": {
        "keyAttributes": "id",
        "itemType": "page:messageType"
      }
    },
    "globalLinks": {
      "type": "object[]",
      "defaultValue": [
        {"id": "aboutOracle", "label": "About Oracle", "url": "http://www.oracle.com/us/corporate/index.html#menu-about"},
        {"id": "contactUs", "label": "Contact Us", "url": "http://www.oracle.com/us/corporate/contact/index.html"},
        {"id": "legalNotices", "label": "Legal Notices", "url": "http://www.oracle.com/us/legal/index.html"},
        {"id": "termsOfUse", "label": "Terms Of Use", "url": "http://www.oracle.com/us/legal/terms/index.html"},
        {"id": "yourPrivacyRights", "label": "Your Privacy Rights", "url": "http://www.oracle.com/us/legal/privacy/index.html"}
      ]
    },
    "copyright": {
      "type": "string",
      "defaultValue": "Copyright © 2014, 2026 Oracle and/or its affiliates All rights reserved."
    }
  },
  "types": {
    "messageType": {
      "id": "string",
      "severity": "string",
      "category": "string",
      "summary": "string",
      "detail": "string",
      "timestamp": "string",
      "autoTimeout": "number"
    }
  },
  "chains": {
    "navSelectionChanged": {
      "root": "navigate",
      "actions": {
        "navigate": {
          "module": "vb/action/builtin/navigateToFlowAction",
          "parameters": {
            "flow": "{{ $chain.variables.flowId }}",
            "history": "push"
          }
        }
      },
      "variables": {
        "flowId": {
          "type": "string",
          "input": "fromCaller",
          "required": true
        }
      }
    },
    "toggleDrawer": {
      "root": "assign",
      "actions": {
        "assign": {
          "module": "vb/action/builtin/assignVariablesAction",
          "parameters": {
            "$page.variables.drawerOpen": "{{ !$page.variables.drawerOpen }}"
          }
        }
      }
    }
  },
  "eventListeners": {
    "navSelectionChanged": {
      "chains": [
        {
          "chainId": "navSelectionChanged",
          "parameters": {
            "flowId": "{{ $event.detail.value }}"
          }
        }
      ]
    },
    "toggleDrawer": {
      "chains": [{"chainId": "toggleDrawer"}]
    },
    "buttonAction3": {"chains": [{"chain": "ButtonActionChain"}]},
    "generalOverviewPageHeaderSpInFlowBack": {"chains": [{"chain": "navigateToHomePage"}]},
    "generalOverviewPageHeaderSpSecondaryAction": {"chains": [{"chain": "openHelp"}]},
    "vbNotification": {
      "chains": [{
        "parameters": {
          "eventPayload": "{{ { id: $event.key, summary: $event.summary, detail: $event.message, severity: $event.type, autoTimeout: $event.displayMode === 'transient' ? 0 : -1, timestamp: oj.IntlConverterUtils.dateToLocalIso(new Date()) } }}"
        },
        "chain": "showNotification"
      }]
    },
    "onMessageClose": {
      "chains": [{
        "parameters": {"eventMessage": "{{ $event.detail.message }}"},
        "chain": "closeNotificationHandler"
      }]
    }
  },
  "imports": {
    "components": {
      "oj-drawer-layout": {"path": "ojs/ojdrawerlayout"},
      "oj-navigation-list": {"path": "ojs/ojnavigationlist"},
      "oj-button": {"path": "ojs/ojbutton"},
      "oj-checkboxset": {"path": "ojs/ojcheckboxset"},
      "oj-dialog": {"path": "ojs/ojdialog"},
      "oj-messages": {"path": "ojs/ojmessages"},
      "oj-option": {"path": "ojs/ojoption"},
      "oj-input-text": {"path": "ojs/ojinputtext"},
      "oj-combobox-one": {"path": "ojs/ojselectcombobox"},
      "oj-form-layout": {"path": "ojs/ojformlayout"},
      "oj-toolbar": {"path": "ojs/ojtoolbar"}
    }
  }
}
