{
  "id": "my-team",
  "description": "Team management flow for managers",
  "defaultPage": "my-team-start-page",
  "variables": {
    "teamMembers": {
      "type": "array",
      "defaultValue": []
    }
  },
  "types": {
    "TeamMember": {
      "properties": {
        "id": { "type": "string" },
        "name": { "type": "string" },
        "title": { "type": "string" },
        "email": { "type": "string" },
        "avatar": { "type": "string" },
        "status": { "type": "string" },
        "hireDate": { "type": "string" }
      }
    }
  },
  "chains": {},
  "eventListeners": {}
}
