{
  "title": "Quick Links",
  "description": "Centralized HR Application Links",
  "variables": {
    "favoriteLinks": {
      "type": "array",
      "defaultValue": []
    },
    "allLinks": {
      "type": "array",
      "defaultValue": []
    },
    "searchQuery": {
      "type": "string",
      "defaultValue": ""
    },
    "filteredLinks": {
      "type": "array",
      "defaultValue": []
    }
  },
  "chains": {
    "loadFavorites": {
      "root": "fetchFavorites",
      "actions": {
        "fetchFavorites": {
          "module": "vb/action/builtin/callModuleFunctionAction",
          "parameters": {
            "module": "[[$page.functions]]",
            "functionName": "getUserFavorites",
            "params": ["{{ $application.variables.currentUser.personId }}"]
          },
          "outcomes": {
            "success": "assignFavorites"
          }
        },
        "assignFavorites": {
          "module": "vb/action/builtin/assignVariablesAction",
          "parameters": {
            "$page.variables.favoriteLinks": {
              "source": "{{ $chain.results.fetchFavorites }}"
            }
          }
        }
      }
    },
    "openExternalLink": {
      "root": "resolveUrl",
      "actions": {
        "resolveUrl": {
          "module": "vb/action/builtin/callModuleFunctionAction",
          "parameters": {
            "module": "[[$page.functions]]",
            "functionName": "resolveExternalUrl",
            "params": ["{{ $event.target.dataset.url }}"]
          },
          "outcomes": {
            "success": "openUrl"
          }
        },
        "openUrl": {
          "module": "vb/action/builtin/openUrlAction",
          "parameters": {
            "url": "{{ $chain.results.resolveUrl }}",
            "windowName": "_blank"
          }
        }
      }
    },
    "toggleFavorite": {
      "root": "checkIsFavorite",
      "actions": {
        "checkIsFavorite": {
          "module": "vb/action/builtin/callModuleFunctionAction",
          "parameters": {
            "module": "[[$page.functions]]",
            "functionName": "toggleUserFavorite",
            "params": [
              "{{ $application.variables.currentUser.personId }}",
              "{{ $event.target.dataset.id }}"
            ]
          },
          "outcomes": {
            "success": "refreshFavorites"
          }
        },
        "refreshFavorites": {
          "module": "vb/action/builtin/callChainAction",
          "parameters": {
            "id": "loadFavorites"
          }
        }
      }
    }
  },
  "eventListeners": {
    "vbEnter": {
      "chains": [
        {
          "chainId": "loadFavorites"
        }
      ]
    },
    "openLink": {
      "chains": [
        {
          "chainId": "openExternalLink"
        }
      ]
    },
    "toggleFavorite": {
      "chains": [
        {
          "chainId": "toggleFavorite"
        }
      ]
    }
  }
}
