{
  "vbcs.dt.version": "20240910-25.01.0",
  "version": "1.0.0",
  "source.version": "2410",
  "rootURL": "colleague360",
  "features": {
    "codeChainsEnabled": true
  },
  "dependencies": {
    "upgrade": "micro",
    "paths": {
      "jet": "https://static.oracle.com/cdn/jet/16.1.4",
      "visualRuntime": "https://static.oracle.com/cdn/vb/2410.2.0",
      "telemetry": "https://static.oracle.com/cdn/trace/8.2.2",
      "oracleImageGallery": "https://static.oracle.com/cdn/fnd/gallery/2410.0.3"
    }
  },
  "migration": {
    "2410": [
      "MetadataRulesVersionMigrator"
    ]
  }
}
