{
  "id": "colleague360portal",
  "description": "Colleague 360 Portal - Unified HR Experience Platform",
  "version": "1.0.0",
  "metadata": {
    "author": "HR Technology Team",
    "createdDate": "2026-02-05",
    "lastModified": "2026-02-05"
  },
  "settings": {
    "theme": "redwood",
    "defaultPage": "shell",
    "authentication": {
      "type": "oracle-idcs",
      "loginPage": "login"
    },
    "localization": {
      "defaultLocale": "en",
      "supportedLocales": ["en", "es", "fr", "de"]
    }
  },
  "webApps": {
    "colleague360webapp": {
      "id": "colleague360webapp",
      "description": "Main Colleague 360 Web Application"
    }
  },
  "serviceConnections": {
    "oracleHCM": "services/oracle-hcm-connection.json",
    "adpPayroll": "services/adp-payroll-connection.json",
    "ceridianPayroll": "services/ceridian-payroll-connection.json",
    "dayforceAbsence": "services/dayforce-absence-connection.json",
    "ltiaIncentives": "services/ltia-incentives-connection.json",
    "alightBenefits": "services/alight-benefits-connection.json",
    "amexActions": "services/amex-actions-connection.json"
  }
}
