{
  "description": "Shell page with navigation drawer and main content area",
  "routerFlow": "dashboard",
  "variables": {
    "messagesADP": {
      "type": "vb/ArrayDataProvider2",
      "defaultValue": {
        "keyAttributes": "id",
        "itemType": "page:messageType"
      }
    },
    "openDrawer": {
      "type": "boolean",
      "defaultValue": "[[ $application.responsive.lgUp ]]"
    },
    "currentNavItem": {
      "type": "string",
      "defaultValue": "dashboard"
    },
    "searchVisible": {
      "type": "boolean",
      "defaultValue": false
    },
    "notificationPanelOpen": {
      "type": "boolean",
      "defaultValue": false
    },
    "unreadCount": {
      "type": "number",
      "defaultValue": 5
    },
    "theme": {
      "type": "string",
      "defaultValue": "light"
    },
    "navigationMenuData": {
      "type": "vb/ArrayDataProvider2",
      "defaultValue": {
        "data": "{{ $page.functions.getNavigationItems() }}",
        "keyAttributes": "id"
      }
    }
  },
  "metadata": {},
  "types": {
    "messageType": {
      "id": "string",
      "severity": "string",
      "category": "string",
      "summary": "string",
      "detail": "string",
      "timestamp": "string",
      "autoTimeout": "number"
    },
    "NavigationItem": {
      "id": "string",
      "label": "string",
      "icon": "string",
      "badge": "number"
    }
  },
  "chains": {
    "NavigationListSelectionChangeChain": {
      "root": "navigateToFlow",
      "actions": {
        "navigateToFlow": {
          "module": "vb/action/builtin/navigateToFlowAction",
          "parameters": {
            "target": "{{ $chain.variables.selection }}"
          }
        }
      },
      "variables": {
        "selection": {
          "type": "string",
          "input": "fromCaller",
          "required": true
        }
      }
    },
    "toggleNavigation": {
      "root": "toggleDrawer",
      "actions": {
        "toggleDrawer": {
          "module": "vb/action/builtin/assignVariablesAction",
          "parameters": {
            "$page.variables.openDrawer": {
              "source": "{{ !$page.variables.openDrawer }}"
            }
          }
        }
      }
    },
    "toggleTheme": {
      "root": "setTheme",
      "actions": {
        "setTheme": {
          "module": "vb/action/builtin/assignVariablesAction",
          "parameters": {
            "$page.variables.theme": {
              "source": "{{ $page.variables.theme === 'light' ? 'dark' : 'light' }}"
            }
          },
          "outcomes": {
            "success": "applyTheme"
          }
        },
        "applyTheme": {
          "module": "vb/action/builtin/callModuleFunctionAction",
          "parameters": {
            "module": "{{ $page.functions }}",
            "functionName": "applyTheme",
            "params": ["{{ $page.variables.theme }}"]
          }
        }
      }
    },
    "openUniversalSearch": {
      "root": "showSearch",
      "actions": {
        "showSearch": {
          "module": "vb/action/builtin/assignVariablesAction",
          "parameters": {
            "$page.variables.searchVisible": {
              "source": true
            }
          }
        }
      }
    },
    "closeUniversalSearch": {
      "root": "hideSearch",
      "actions": {
        "hideSearch": {
          "module": "vb/action/builtin/assignVariablesAction",
          "parameters": {
            "$page.variables.searchVisible": {
              "source": false
            }
          }
        }
      }
    },
    "toggleNotificationPanel": {
      "root": "togglePanel",
      "actions": {
        "togglePanel": {
          "module": "vb/action/builtin/assignVariablesAction",
          "parameters": {
            "$page.variables.notificationPanelOpen": {
              "source": "{{ !$page.variables.notificationPanelOpen }}"
            }
          }
        }
      }
    },
    "showNotification": {
      "root": "addMessage",
      "actions": {
        "addMessage": {
          "module": "vb/action/builtin/callModuleFunctionAction",
          "parameters": {
            "module": "{{ $page.functions }}",
            "functionName": "addNotificationMessage",
            "params": ["{{ $chain.variables.eventPayload }}"]
          }
        }
      },
      "variables": {
        "eventPayload": {
          "type": "object",
          "input": "fromCaller",
          "required": true
        }
      }
    },
    "closeNotificationHandler": {
      "root": "removeMessage",
      "actions": {
        "removeMessage": {
          "module": "vb/action/builtin/callModuleFunctionAction",
          "parameters": {
            "module": "{{ $page.functions }}",
            "functionName": "removeNotificationMessage",
            "params": ["{{ $chain.variables.eventMessage }}"]
          }
        }
      },
      "variables": {
        "eventMessage": {
          "type": "object",
          "input": "fromCaller",
          "required": true
        }
      }
    },
    "initializeShell": {
      "root": "loadTheme",
      "actions": {
        "loadTheme": {
          "module": "vb/action/builtin/callModuleFunctionAction",
          "parameters": {
            "module": "{{ $page.functions }}",
            "functionName": "loadSavedTheme"
          },
          "outcomes": {
            "success": "setThemeVar"
          }
        },
        "setThemeVar": {
          "module": "vb/action/builtin/assignVariablesAction",
          "parameters": {
            "$page.variables.theme": {
              "source": "{{ $chain.results.loadTheme }}"
            }
          },
          "outcomes": {
            "success": "setupKeyboardShortcuts"
          }
        },
        "setupKeyboardShortcuts": {
          "module": "vb/action/builtin/callModuleFunctionAction",
          "parameters": {
            "module": "{{ $page.functions }}",
            "functionName": "initKeyboardShortcuts",
            "params": ["{{ $page }}"]
          }
        }
      }
    }
  },
  "eventListeners": {
    "ojNavigationListSelection": {
      "chains": [
        {
          "chainId": "NavigationListSelectionChangeChain",
          "parameters": {
            "selection": "{{ $event.detail.value }}"
          }
        }
      ]
    },
    "toggleNavListButtonOjAction": {
      "chains": [
        {
          "chainId": "toggleNavigation"
        }
      ]
    },
    "vbNotification": {
      "chains": [
        {
          "chainId": "showNotification",
          "parameters": {
            "eventPayload": "{{ { id: $event.key, summary: $event.summary, detail: $event.message, severity: $event.type, autoTimeout: $event.displayMode === 'transient' ? 0 : -1 } }}"
          }
        }
      ]
    },
    "onMessageClose": {
      "chains": [
        {
          "chainId": "closeNotificationHandler",
          "parameters": {
            "eventMessage": "{{ $event.detail.message }}"
          }
        }
      ]
    },
    "vbEnter": {
      "chains": [
        {
          "chainId": "initializeShell"
        }
      ]
    }
  },
  "imports": {
    "components": {
      "oj-avatar": {
        "path": "ojs/ojavatar"
      },
      "oj-button": {
        "path": "ojs/ojbutton"
      },
      "oj-drawer-layout": {
        "path": "ojs/ojdrawerlayout"
      },
      "oj-messages": {
        "path": "ojs/ojmessages"
      },
      "oj-menu": {
        "path": "ojs/ojmenu"
      },
      "oj-menu-button": {
        "path": "ojs/ojbutton"
      },
      "oj-navigation-list": {
        "path": "ojs/ojnavigationlist"
      },
      "oj-option": {
        "path": "ojs/ojoption"
      },
      "oj-toolbar": {
        "path": "ojs/ojtoolbar"
      },
      "oj-input-search": {
        "path": "ojs/ojinputsearch"
      },
      "oj-badge": {}
    }
  },
  "translations": {}
}
