{
  "title": "My Profile",
  "description": "Employee Profile Page",
  "variables": {
    "selectedTab": {
      "type": "string",
      "defaultValue": "tab-personal"
    },
    "employee": {
      "type": "object",
      "defaultValue": {}
    },
    "emergencyContacts": {
      "type": "array",
      "defaultValue": []
    },
    "documents": {
      "type": "array",
      "defaultValue": []
    },
    "employmentHistory": {
      "type": "array",
      "defaultValue": []
    },
    "isLoading": {
      "type": "boolean",
      "defaultValue": true
    }
  },
  "chains": {
    "loadProfileData": {
      "root": "fetchEmployee",
      "actions": {
        "fetchEmployee": {
          "module": "vb/action/builtin/restAction",
          "parameters": {
            "endpoint": "oracleHCM/getEmployee",
            "uriParams": {
              "personId": "{{ $application.variables.currentUser.personId }}"
            }
          },
          "outcomes": {
            "success": "assignEmployee"
          }
        },
        "assignEmployee": {
          "module": "vb/action/builtin/assignVariablesAction",
          "parameters": {
            "$page.variables.employee": {
              "source": "{{ $chain.results.fetchEmployee.body }}"
            },
            "$page.variables.isLoading": {
              "source": false
            }
          }
        }
      }
    },
    "loadEmergencyContacts": {
      "root": "fetchContacts",
      "actions": {
        "fetchContacts": {
          "module": "vb/action/builtin/restAction",
          "parameters": {
            "endpoint": "oracleHCM/getEmergencyContacts",
            "uriParams": {
              "personId": "{{ $application.variables.currentUser.personId }}"
            }
          },
          "outcomes": {
            "success": "assignContacts"
          }
        },
        "assignContacts": {
          "module": "vb/action/builtin/assignVariablesAction",
          "parameters": {
            "$page.variables.emergencyContacts": {
              "source": "{{ $chain.results.fetchContacts.body.items }}"
            }
          }
        }
      }
    },
    "loadDocuments": {
      "root": "fetchDocuments",
      "actions": {
        "fetchDocuments": {
          "module": "vb/action/builtin/restAction",
          "parameters": {
            "endpoint": "oracleHCM/getEmployeeDocuments",
            "uriParams": {
              "personId": "{{ $application.variables.currentUser.personId }}"
            }
          },
          "outcomes": {
            "success": "assignDocuments"
          }
        },
        "assignDocuments": {
          "module": "vb/action/builtin/assignVariablesAction",
          "parameters": {
            "$page.variables.documents": {
              "source": "{{ $chain.results.fetchDocuments.body.items }}"
            }
          }
        }
      }
    }
  },
  "eventListeners": {
    "vbEnter": {
      "chains": [
        {
          "chainId": "loadProfileData"
        },
        {
          "chainId": "loadEmergencyContacts"
        },
        {
          "chainId": "loadDocuments"
        }
      ]
    }
  }
}
