{
  "title": "Talent & Career",
  "description": "Talent and Career Development Page",
  "variables": {
    "profileCompleteness": { "type": "number", "defaultValue": 0 },
    "skills": { "type": "array", "defaultValue": [] },
    "interests": { "type": "object", "defaultValue": { "relocation": "", "travel": "", "careerGoal": "", "preferredRoles": [] } },
    "developmentPlan": { "type": "array", "defaultValue": [] },
    "internalJobs": { "type": "array", "defaultValue": [] }
  },
  "chains": {
    "loadTalentData": {
      "root": "fetchTalent",
      "actions": {
        "fetchTalent": {
          "module": "vb/action/builtin/restAction",
          "parameters": {
            "endpoint": "oracleHCM/getTalentProfile",
            "uriParams": { "personId": "{{ $application.variables.currentUser.personId }}" }
          },
          "outcomes": { "success": "assignTalent" }
        },
        "assignTalent": {
          "module": "vb/action/builtin/assignVariablesAction",
          "parameters": { "$page.variables.skills": { "source": "{{ $chain.results.fetchTalent.body.skills }}" } }
        }
      }
    }
  },
  "eventListeners": { "vbEnter": { "chains": [{ "chainId": "loadTalentData" }] } }
}
