{
  "id": "time-absence",
  "description": "Time tracking and absence management flow",
  "defaultPage": "time-absence-start-page",
  "variables": {
    "timeBalances": {
      "type": "object",
      "properties": {
        "vacation": { "type": "number" },
        "sick": { "type": "number" },
        "personal": { "type": "number" },
        "floating": { "type": "number" }
      }
    },
    "pendingRequests": {
      "type": "array",
      "defaultValue": []
    },
    "selectedView": {
      "type": "string",
      "defaultValue": "balances"
    }
  },
  "types": {
    "TimeOffRequest": {
      "properties": {
        "id": { "type": "string" },
        "type": { "type": "string" },
        "startDate": { "type": "string" },
        "endDate": { "type": "string" },
        "hours": { "type": "number" },
        "status": { "type": "string" },
        "reason": { "type": "string" },
        "approver": { "type": "string" }
      }
    },
    "TimeEntry": {
      "properties": {
        "id": { "type": "string" },
        "date": { "type": "string" },
        "project": { "type": "string" },
        "task": { "type": "string" },
        "hours": { "type": "number" },
        "status": { "type": "string" }
      }
    }
  },
  "chains": {
    "loadTimeDataChain": {
      "root": "loadTimeData",
      "actions": {
        "loadTimeData": {
          "module": "vb/action/builtin/callModuleFunctionAction",
          "parameters": {
            "module": "{{$flow.functions}}",
            "functionName": "loadTimeData"
          }
        }
      }
    },
    "submitTimeOffRequestChain": {
      "root": "submitRequest",
      "actions": {
        "submitRequest": {
          "module": "vb/action/builtin/callModuleFunctionAction",
          "parameters": {
            "module": "{{$flow.functions}}",
            "functionName": "submitTimeOffRequest"
          }
        }
      }
    }
  },
  "eventListeners": {
    "vbEnter": {
      "chains": [
        {
          "chain": "loadTimeDataChain"
        }
      ]
    }
  }
}
