{
  "title": "Recruitment",
  "description": "Recruitment Management Page (HR Only)",
  "variables": {
    "stats": { "type": "object", "defaultValue": { "openRequisitions": 0, "activeCandidates": 0, "interviewsThisWeek": 0, "offersExtended": 0 } },
    "requisitions": { "type": "array", "defaultValue": [] },
    "recentCandidates": { "type": "array", "defaultValue": [] },
    "upcomingInterviews": { "type": "array", "defaultValue": [] }
  },
  "chains": {
    "loadRecruitmentData": {
      "root": "fetchRequisitions",
      "actions": {
        "fetchRequisitions": {
          "module": "vb/action/builtin/restAction",
          "parameters": {
            "endpoint": "oracleHCM/getRequisitions",
            "uriParams": { "status": "Open" }
          },
          "outcomes": { "success": "assignRequisitions" }
        },
        "assignRequisitions": {
          "module": "vb/action/builtin/assignVariablesAction",
          "parameters": { "$page.variables.requisitions": { "source": "{{ $chain.results.fetchRequisitions.body.items }}" } }
        }
      }
    }
  },
  "eventListeners": { "vbEnter": { "chains": [{ "chainId": "loadRecruitmentData" }] } }
}
