{
  "component-dependencies": {
    "oj-dyn": {
      "version": "18.1.3",
      "components": {
        "form": "18.1.3",
        "bind-field": "18.1.3",
        "container": "18.1.3"
      }
    },
    "oj-dynamic": {
      "version": "18.1.3",
      "components": {
        "table": "18.1.3"
      }
    },
    "oj-sp": {
      "version": "2510.0.3",
      "components": {
        "collection-container": "2510.0.3",
        "welcome-page": "2510.0.3",
        "section": "2510.0.3",
        "advanced-create-edit": "2510.0.3",
        "vertical-anchor-navigator": "2510.0.3",
        "message-unsaved-changes": "2510.0.3",
        "create-edit-drawer-template": "2510.0.3",
        "smart-search": "2510.0.3"
      }
    }
  }
}