{
  "id": "learning",
  "description": "Learning and development flow",
  "defaultPage": "learning-start-page",
  "variables": {
    "assignedCourses": {
      "type": "array",
      "defaultValue": []
    },
    "completedCourses": {
      "type": "array",
      "defaultValue": []
    },
    "learningPaths": {
      "type": "array",
      "defaultValue": []
    }
  },
  "types": {
    "Course": {
      "properties": {
        "id": { "type": "string" },
        "title": { "type": "string" },
        "description": { "type": "string" },
        "category": { "type": "string" },
        "duration": { "type": "string" },
        "dueDate": { "type": "string" },
        "progress": { "type": "number" },
        "status": { "type": "string" },
        "mandatory": { "type": "boolean" }
      }
    }
  },
  "chains": {},
  "eventListeners": {}
}
