{
  "title": "Time & Absence",
  "description": "Time Off and Absence Management Page",
  "variables": {
    "balances": { "type": "object", "defaultValue": { "pto": { "available": 0, "used": 0, "pending": 0 }, "sick": { "available": 0 }, "personal": { "available": 0 }, "floating": { "available": 0 } } },
    "requests": { "type": "array", "defaultValue": [] },
    "requestFilter": { "type": "string", "defaultValue": "filter-all" },
    "selectedDate": { "type": "string", "defaultValue": "" },
    "holidays": { "type": "array", "defaultValue": [] }
  },
  "chains": {
    "loadTimeData": {
      "root": "fetchBalances",
      "actions": {
        "fetchBalances": {
          "module": "vb/action/builtin/restAction",
          "parameters": {
            "endpoint": "dayforceAbsence/getBalance",
            "uriParams": { "personId": "{{ $application.variables.currentUser.personId }}" }
          },
          "outcomes": { "success": "assignBalances" }
        },
        "assignBalances": {
          "module": "vb/action/builtin/assignVariablesAction",
          "parameters": { "$page.variables.balances": { "source": "{{ $chain.results.fetchBalances.body }}" } }
        }
      }
    }
  },
  "eventListeners": { "vbEnter": { "chains": [{ "chainId": "loadTimeData" }] } }
}
