{
  "title": "Dashboard",
  "description": "Colleague 360 Main Dashboard",
  "variables": {
    "kpis": {
      "type": "object",
      "defaultValue": {
        "ptoBalance": 15.5,
        "nextPayAmount": 0,
        "nextPayDate": "",
        "learningHours": 24,
        "performanceRating": 4.2,
        "benefitsEnrollmentOpen": false,
        "enrollmentDeadline": "",
        "teamSize": 0,
        "pendingApprovals": 0
      }
    },
    "actionItems": {
      "type": "array",
      "defaultValue": []
    },
    "hasMoreActions": {
      "type": "boolean",
      "defaultValue": false
    },
    "teamMembers": {
      "type": "array",
      "defaultValue": []
    },
    "teamInsights": {
      "type": "object",
      "defaultValue": {
        "outToday": 0,
        "pendingTimeoff": 0,
        "goalsOverdue": 0
      }
    },
    "announcements": {
      "type": "array",
      "defaultValue": []
    },
    "isLoading": {
      "type": "boolean",
      "defaultValue": true
    }
  },
  "chains": {
    "loadDashboardData": {
      "root": "parallelFetch",
      "actions": {
        "parallelFetch": {
          "module": "vb/action/builtin/forkAction",
          "parameters": {
            "branches": ["fetchKPIs", "fetchActions", "fetchTeam", "fetchAnnouncements"]
          },
          "outcomes": {
            "finished": "setLoadingFalse"
          }
        },
        "fetchKPIs": {
          "module": "vb/action/builtin/callChainAction",
          "parameters": {
            "id": "fetchKPIData"
          }
        },
        "fetchActions": {
          "module": "vb/action/builtin/callChainAction",
          "parameters": {
            "id": "fetchActionItems"
          }
        },
        "fetchTeam": {
          "module": "vb/action/builtin/callChainAction",
          "parameters": {
            "id": "fetchTeamData"
          }
        },
        "fetchAnnouncements": {
          "module": "vb/action/builtin/callChainAction",
          "parameters": {
            "id": "fetchAnnouncementsData"
          }
        },
        "setLoadingFalse": {
          "module": "vb/action/builtin/assignVariablesAction",
          "parameters": {
            "$page.variables.isLoading": {
              "source": false
            }
          }
        }
      }
    },
    "fetchKPIData": {
      "root": "callKPIEndpoints",
      "actions": {
        "callKPIEndpoints": {
          "module": "vb/action/builtin/forkAction",
          "parameters": {
            "branches": ["fetchPTO", "fetchPayroll", "fetchLearning", "fetchPerformance", "fetchBenefits", "fetchManagerKPIs"]
          },
          "outcomes": {
            "finished": "aggregateKPIs"
          }
        },
        "fetchPTO": {
          "module": "vb/action/builtin/restAction",
          "parameters": {
            "endpoint": "dayforceAbsence/getBalance",
            "uriParams": {
              "personId": "{{ $application.variables.currentUser.personId }}"
            }
          }
        },
        "fetchPayroll": {
          "module": "vb/action/builtin/restAction",
          "parameters": {
            "endpoint": "adpPayroll/getNextPaycheck",
            "uriParams": {
              "personId": "{{ $application.variables.currentUser.personId }}"
            }
          }
        },
        "fetchLearning": {
          "module": "vb/action/builtin/restAction",
          "parameters": {
            "endpoint": "oracleHCM/getLearningHours",
            "uriParams": {
              "personId": "{{ $application.variables.currentUser.personId }}"
            }
          }
        },
        "fetchPerformance": {
          "module": "vb/action/builtin/restAction",
          "parameters": {
            "endpoint": "oracleHCM/getPerformanceRating",
            "uriParams": {
              "personId": "{{ $application.variables.currentUser.personId }}"
            }
          }
        },
        "fetchBenefits": {
          "module": "vb/action/builtin/restAction",
          "parameters": {
            "endpoint": "alightBenefits/getEnrollmentStatus",
            "uriParams": {
              "personId": "{{ $application.variables.currentUser.personId }}"
            }
          }
        },
        "fetchManagerKPIs": {
          "module": "vb/action/builtin/ifAction",
          "parameters": {
            "condition": "[[ $page.functions.isManager($application.variables.userRole) ]]"
          },
          "outcomes": {
            "true": "callManagerKPIs"
          }
        },
        "callManagerKPIs": {
          "module": "vb/action/builtin/restAction",
          "parameters": {
            "endpoint": "oracleHCM/getManagerKPIs",
            "uriParams": {
              "managerId": "{{ $application.variables.currentUser.personId }}"
            }
          }
        },
        "aggregateKPIs": {
          "module": "vb/action/builtin/callModuleFunctionAction",
          "parameters": {
            "module": "[[$page.functions]]",
            "functionName": "aggregateKPIData",
            "params": [
              "{{ $chain.results.fetchPTO }}",
              "{{ $chain.results.fetchPayroll }}",
              "{{ $chain.results.fetchLearning }}",
              "{{ $chain.results.fetchPerformance }}",
              "{{ $chain.results.fetchBenefits }}",
              "{{ $chain.results.callManagerKPIs }}"
            ]
          },
          "outcomes": {
            "success": "assignKPIs"
          }
        },
        "assignKPIs": {
          "module": "vb/action/builtin/assignVariablesAction",
          "parameters": {
            "$page.variables.kpis": {
              "source": "{{ $chain.results.aggregateKPIs }}"
            }
          }
        }
      }
    },
    "fetchActionItems": {
      "root": "callActionEndpoints",
      "actions": {
        "callActionEndpoints": {
          "module": "vb/action/builtin/forkAction",
          "parameters": {
            "branches": ["fetchOracleActions", "fetchAmexActions", "fetchDayforceActions"]
          },
          "outcomes": {
            "finished": "mergeActions"
          }
        },
        "fetchOracleActions": {
          "module": "vb/action/builtin/restAction",
          "parameters": {
            "endpoint": "oracleHCM/getPendingActions",
            "uriParams": {
              "personId": "{{ $application.variables.currentUser.personId }}"
            }
          }
        },
        "fetchAmexActions": {
          "module": "vb/action/builtin/restAction",
          "parameters": {
            "endpoint": "amexActions/getPendingApprovals",
            "uriParams": {
              "personId": "{{ $application.variables.currentUser.personId }}"
            }
          }
        },
        "fetchDayforceActions": {
          "module": "vb/action/builtin/restAction",
          "parameters": {
            "endpoint": "dayforceAbsence/getPendingRequests",
            "uriParams": {
              "personId": "{{ $application.variables.currentUser.personId }}"
            }
          }
        },
        "mergeActions": {
          "module": "vb/action/builtin/callModuleFunctionAction",
          "parameters": {
            "module": "[[$page.functions]]",
            "functionName": "mergeAndSortActions",
            "params": [
              "{{ $chain.results.fetchOracleActions }}",
              "{{ $chain.results.fetchAmexActions }}",
              "{{ $chain.results.fetchDayforceActions }}"
            ]
          },
          "outcomes": {
            "success": "assignActions"
          }
        },
        "assignActions": {
          "module": "vb/action/builtin/assignVariablesAction",
          "parameters": {
            "$page.variables.actionItems": {
              "source": "{{ $chain.results.mergeActions.items.slice(0, 5) }}"
            },
            "$page.variables.hasMoreActions": {
              "source": "{{ $chain.results.mergeActions.items.length > 5 }}"
            }
          }
        }
      }
    },
    "fetchTeamData": {
      "root": "checkManager",
      "actions": {
        "checkManager": {
          "module": "vb/action/builtin/ifAction",
          "parameters": {
            "condition": "[[ $page.functions.isManager($application.variables.userRole) ]]"
          },
          "outcomes": {
            "true": "callTeamEndpoint"
          }
        },
        "callTeamEndpoint": {
          "module": "vb/action/builtin/restAction",
          "parameters": {
            "endpoint": "oracleHCM/getDirectReports",
            "uriParams": {
              "managerId": "{{ $application.variables.currentUser.personId }}"
            }
          },
          "outcomes": {
            "success": "processTeamData"
          }
        },
        "processTeamData": {
          "module": "vb/action/builtin/callModuleFunctionAction",
          "parameters": {
            "module": "[[$page.functions]]",
            "functionName": "enrichTeamData",
            "params": ["{{ $chain.results.callTeamEndpoint.body }}"]
          },
          "outcomes": {
            "success": "assignTeamData"
          }
        },
        "assignTeamData": {
          "module": "vb/action/builtin/assignVariablesAction",
          "parameters": {
            "$page.variables.teamMembers": {
              "source": "{{ $chain.results.processTeamData.members }}"
            },
            "$page.variables.teamInsights": {
              "source": "{{ $chain.results.processTeamData.insights }}"
            }
          }
        }
      }
    },
    "fetchAnnouncementsData": {
      "root": "callAnnouncements",
      "actions": {
        "callAnnouncements": {
          "module": "vb/action/builtin/restAction",
          "parameters": {
            "endpoint": "oracleHCM/getAnnouncements",
            "uriParams": {
              "limit": 3
            }
          },
          "outcomes": {
            "success": "assignAnnouncements"
          }
        },
        "assignAnnouncements": {
          "module": "vb/action/builtin/assignVariablesAction",
          "parameters": {
            "$page.variables.announcements": {
              "source": "{{ $chain.results.callAnnouncements.body.items }}"
            }
          }
        }
      }
    },
    "takeAction": {
      "root": "getActionDetails",
      "actions": {
        "getActionDetails": {
          "module": "vb/action/builtin/callModuleFunctionAction",
          "parameters": {
            "module": "[[$page.functions]]",
            "functionName": "getActionById",
            "params": ["{{ $event.detail.actionId }}", "{{ $page.variables.actionItems }}"]
          },
          "outcomes": {
            "success": "openActionUrl"
          }
        },
        "openActionUrl": {
          "module": "vb/action/builtin/openUrlAction",
          "parameters": {
            "url": "{{ $chain.results.getActionDetails.actionUrl }}",
            "windowName": "_blank"
          }
        }
      }
    }
  },
  "eventListeners": {
    "vbEnter": {
      "chains": [
        {
          "chainId": "loadDashboardData"
        }
      ]
    },
    "takeAction": {
      "chains": [
        {
          "chainId": "takeAction"
        }
      ]
    },
    "refreshActions": {
      "chains": [
        {
          "chainId": "fetchActionItems"
        }
      ]
    },
    "goToApprovals": {
      "chains": [
        {
          "chainId": "navigateToApprovals"
        }
      ]
    },
    "goToMyTeam": {
      "chains": [
        {
          "chainId": "navigateToMyTeam"
        }
      ]
    },
    "goToBenefits": {
      "chains": [
        {
          "chainId": "navigateToBenefits"
        }
      ]
    }
  }
}
