{
  "title": "Payroll",
  "description": "Payroll Information Page",
  "variables": {
    "nextPay": { "type": "object", "defaultValue": { "payDate": "", "netPay": 0, "grossPay": 0, "taxes": 0, "deductions": 0 } },
    "ytd": { "type": "object", "defaultValue": { "grossEarnings": 0, "federalTax": 0, "stateTax": 0, "retirement": 0 } },
    "payStatements": { "type": "array", "defaultValue": [] },
    "taxDocuments": { "type": "array", "defaultValue": [] },
    "selectedYear": { "type": "string", "defaultValue": "2026" }
  },
  "chains": {
    "loadPayrollData": {
      "root": "fetchPayroll",
      "actions": {
        "fetchPayroll": {
          "module": "vb/action/builtin/restAction",
          "parameters": {
            "endpoint": "adpPayroll/getNextPaycheck",
            "uriParams": { "personId": "{{ $application.variables.currentUser.personId }}" }
          },
          "outcomes": { "success": "assignPayroll" }
        },
        "assignPayroll": {
          "module": "vb/action/builtin/assignVariablesAction",
          "parameters": { "$page.variables.nextPay": { "source": "{{ $chain.results.fetchPayroll.body }}" } }
        }
      }
    }
  },
  "eventListeners": {
    "vbEnter": { "chains": [{ "chainId": "loadPayrollData" }] }
  }
}
