{
  "title": "Performance",
  "description": "Performance Management Page",
  "variables": {
    "currentRating": { "type": "object", "defaultValue": { "overall": 0, "period": "" } },
    "goalsStats": { "type": "object", "defaultValue": { "completed": 0, "inProgress": 0, "notStarted": 0 } },
    "goals": { "type": "array", "defaultValue": [] },
    "reviews": { "type": "array", "defaultValue": [] }
  },
  "chains": {
    "loadPerformanceData": {
      "root": "fetchPerformance",
      "actions": {
        "fetchPerformance": {
          "module": "vb/action/builtin/restAction",
          "parameters": {
            "endpoint": "oracleHCM/getPerformanceRating",
            "uriParams": { "personId": "{{ $application.variables.currentUser.personId }}" }
          },
          "outcomes": { "success": "assignRating" }
        },
        "assignRating": {
          "module": "vb/action/builtin/assignVariablesAction",
          "parameters": { "$page.variables.currentRating": { "source": "{{ $chain.results.fetchPerformance.body }}" } }
        }
      }
    }
  },
  "eventListeners": { "vbEnter": { "chains": [{ "chainId": "loadPerformanceData" }] } }
}
