{
  "title": "Benefits",
  "description": "Benefits Management Page",
  "variables": {
    "enrollmentOpen": { "type": "boolean", "defaultValue": false },
    "enrollmentDeadline": { "type": "string", "defaultValue": "" },
    "benefits": {
      "type": "object",
      "defaultValue": {
        "medical": { "planName": "", "coverageLevel": "", "costPerPaycheck": 0 },
        "dental": { "planName": "", "coverageLevel": "", "costPerPaycheck": 0 },
        "vision": { "planName": "", "coverageLevel": "", "costPerPaycheck": 0 },
        "life": { "planName": "", "coverageAmount": 0 },
        "retirement": { "balance": 0, "employeeContribution": 0, "companyMatch": 0 },
        "hsa": { "balance": 0, "ytdContributions": 0 }
      }
    },
    "dependents": { "type": "array", "defaultValue": [] },
    "beneficiaries": { "type": "array", "defaultValue": [] }
  },
  "chains": {
    "loadBenefitsData": {
      "root": "fetchBenefits",
      "actions": {
        "fetchBenefits": {
          "module": "vb/action/builtin/restAction",
          "parameters": {
            "endpoint": "alightBenefits/getCurrentBenefits",
            "uriParams": { "personId": "{{ $application.variables.currentUser.personId }}" }
          },
          "outcomes": { "success": "assignBenefits" }
        },
        "assignBenefits": {
          "module": "vb/action/builtin/assignVariablesAction",
          "parameters": {
            "$page.variables.benefits": { "source": "{{ $chain.results.fetchBenefits.body }}" }
          }
        }
      }
    }
  },
  "eventListeners": {
    "vbEnter": { "chains": [{ "chainId": "loadBenefitsData" }] }
  }
}
