{
  "title": "Dashboard",
  "description": "Colleague 360 Dashboard with KPIs and quick actions",
  "variables": {
    "kpiData": {
      "type": "vb/ArrayDataProvider2",
      "defaultValue": {
        "data": "{{ $variables.kpiArray }}",
        "keyAttributes": "id",
        "itemType": "flow:KPIType"
      }
    },
    "kpiArray": {
      "type": "flow:KPIType[]",
      "defaultValue": [
        {
          "id": "pto",
          "name": "PTO Balance",
          "value": "18 days",
          "trend": "up",
          "trendValue": 2,
          "icon": "oj-ux-ico-clock",
          "color": "teal"
        },
        {
          "id": "goals",
          "name": "Goals Progress",
          "value": "75%",
          "trend": "up",
          "trendValue": 5,
          "icon": "oj-ux-ico-target",
          "color": "green"
        },
        {
          "id": "training",
          "name": "Training Hours",
          "value": "24 hrs",
          "trend": "up",
          "trendValue": 8,
          "icon": "oj-ux-ico-education",
          "color": "purple"
        },
        {
          "id": "pending",
          "name": "Pending Actions",
          "value": "5",
          "trend": "down",
          "trendValue": 2,
          "icon": "oj-ux-ico-alert-circle",
          "color": "orange"
        }
      ]
    },
    "actionsData": {
      "type": "vb/ArrayDataProvider2",
      "defaultValue": {
        "data": "{{ $variables.actionsArray }}",
        "keyAttributes": "id",
        "itemType": "flow:ActionItemType"
      }
    },
    "actionsArray": {
      "type": "flow:ActionItemType[]",
      "defaultValue": [
        {
          "id": "1",
          "title": "Approve Time-off Request",
          "description": "John Smith - Dec 24-26, 2026",
          "source": "Dayforce",
          "priority": "high",
          "dueDate": "2026-02-10",
          "type": "approval"
        },
        {
          "id": "2",
          "title": "Complete Security Training",
          "description": "Annual security awareness certification",
          "source": "Oracle HCM",
          "priority": "medium",
          "dueDate": "2026-02-15",
          "type": "learning"
        },
        {
          "id": "3",
          "title": "Submit Expense Report",
          "description": "Q1 travel expenses pending submission",
          "source": "Amex Actions",
          "priority": "medium",
          "dueDate": "2026-02-20",
          "type": "expense"
        },
        {
          "id": "4",
          "title": "Review Benefits Elections",
          "description": "Open enrollment period ends soon",
          "source": "Alight",
          "priority": "high",
          "dueDate": "2026-02-28",
          "type": "benefits"
        },
        {
          "id": "5",
          "title": "Update Emergency Contacts",
          "description": "Annual verification required",
          "source": "Oracle HCM",
          "priority": "low",
          "dueDate": "2026-03-01",
          "type": "profile"
        }
      ]
    },
    "teamData": {
      "type": "vb/ArrayDataProvider2",
      "defaultValue": {
        "data": "{{ $variables.teamArray }}",
        "keyAttributes": "id",
        "itemType": "flow:TeamMemberType"
      }
    },
    "teamArray": {
      "type": "flow:TeamMemberType[]",
      "defaultValue": [
        {
          "id": 1,
          "name": "Sarah Johnson",
          "jobTitle": "Senior Developer",
          "photoUrl": "",
          "status": "available"
        },
        {
          "id": 2,
          "name": "Michael Chen",
          "jobTitle": "Product Manager",
          "photoUrl": "",
          "status": "busy"
        },
        {
          "id": 3,
          "name": "Emily Davis",
          "jobTitle": "UX Designer",
          "photoUrl": "",
          "status": "away"
        }
      ]
    },
    "quickLinksData": {
      "type": "object[]",
      "defaultValue": [
        { "id": "oracle-hcm", "label": "Oracle HCM", "icon": "oj-ux-ico-cloud", "url": "#" },
        { "id": "adp", "label": "ADP Payroll", "icon": "oj-ux-ico-currency", "url": "#" },
        { "id": "alight", "label": "Alight Benefits", "icon": "oj-ux-ico-heart", "url": "#" },
        { "id": "dayforce", "label": "Dayforce", "icon": "oj-ux-ico-clock", "url": "#" },
        { "id": "ltia", "label": "LTIA Incentives", "icon": "oj-ux-ico-trending-up", "url": "#" },
        { "id": "amex", "label": "Amex Actions", "icon": "oj-ux-ico-credit-card", "url": "#" }
      ]
    }
  },
  "metadata": {},
  "types": {},
  "chains": {
    "refreshDashboard": {
      "root": "fetchKPIs",
      "actions": {
        "fetchKPIs": {
          "module": "vb/action/builtin/callModuleFunctionAction",
          "parameters": {
            "module": "{{ $page.functions }}",
            "functionName": "loadKPIData"
          }
        }
      }
    }
  },
  "eventListeners": {
    "vbEnter": {
      "chains": [
        {
          "chainId": "refreshDashboard"
        }
      ]
    }
  },
  "imports": {
    "components": {
      "oj-avatar": {
        "path": "ojs/ojavatar"
      },
      "oj-button": {
        "path": "ojs/ojbutton"
      },
      "oj-list-item-layout": {
        "path": "ojs/ojlistitemlayout"
      },
      "oj-list-view": {
        "path": "ojs/ojlistview"
      },
      "oj-badge": {
        "path": "ojs/ojbadge"
      },
      "oj-progress-bar": {
        "path": "ojs/ojprogress-bar"
      }
    }
  }
}
