{
  "title": "My Profile",
  "description": "View and manage your personal information",
  "variables": {
    "profileData": {
      "type": "object",
      "defaultValue": {
        "personalInfo": {
          "firstName": "John",
          "lastName": "Doe",
          "preferredName": "John",
          "email": "john.doe@company.com",
          "workPhone": "+1 (555) 123-4567",
          "mobilePhone": "+1 (555) 987-6543",
          "dateOfBirth": "1985-06-15",
          "nationalId": "***-**-1234"
        },
        "workInfo": {
          "employeeId": "EMP001234",
          "jobTitle": "Senior Software Engineer",
          "department": "Engineering",
          "division": "Technology",
          "manager": "Jane Smith",
          "location": "San Francisco, CA",
          "hireDate": "2020-03-15",
          "employmentType": "Full-Time"
        },
        "address": {
          "street": "123 Main Street",
          "city": "San Francisco",
          "state": "CA",
          "zipCode": "94102",
          "country": "United States"
        },
        "emergencyContact": {
          "name": "Jane Doe",
          "relationship": "Spouse",
          "phone": "+1 (555) 456-7890"
        }
      }
    },
    "activeTab": {
      "type": "string",
      "defaultValue": "personal"
    }
  },
  "metadata": {},
  "types": {},
  "chains": {},
  "eventListeners": {},
  "imports": {
    "components": {
      "oj-avatar": {
        "path": "ojs/ojavatar"
      },
      "oj-button": {
        "path": "ojs/ojbutton"
      },
      "oj-tab-bar": {
        "path": "ojs/ojtabs"
      },
      "oj-input-text": {
        "path": "ojs/ojinputtext"
      },
      "oj-label": {
        "path": "ojs/ojlabel"
      },
      "oj-form-layout": {
        "path": "ojs/ojformlayout"
      }
    }
  }
}
