{
  "title": "Compensation",
  "description": "Compensation and Total Rewards Page",
  "variables": {
    "totalCompensation": { "type": "object", "defaultValue": { "total": 0 } },
    "compensation": { "type": "object", "defaultValue": { "baseSalary": 0, "bonusPercent": 0, "bonusTarget": 0, "equityValue": 0, "benefitsValue": 0, "compaRatio": 100 } },
    "compensationBreakdown": { "type": "array", "defaultValue": [] },
    "salaryHistory": { "type": "array", "defaultValue": [] },
    "stockAwards": { "type": "object", "defaultValue": { "unvestedValue": 0, "vestingThisYear": 0 } },
    "vestingSchedule": { "type": "array", "defaultValue": [] }
  },
  "chains": {
    "loadCompensationData": {
      "root": "fetchCompensation",
      "actions": {
        "fetchCompensation": {
          "module": "vb/action/builtin/restAction",
          "parameters": {
            "endpoint": "oracleHCM/getCompensation",
            "uriParams": { "personId": "{{ $application.variables.currentUser.personId }}" }
          },
          "outcomes": { "success": "assignCompensation" }
        },
        "assignCompensation": {
          "module": "vb/action/builtin/assignVariablesAction",
          "parameters": { "$page.variables.compensation": { "source": "{{ $chain.results.fetchCompensation.body }}" } }
        }
      }
    }
  },
  "eventListeners": { "vbEnter": { "chains": [{ "chainId": "loadCompensationData" }] } }
}
