{
  "title": "People Analytics",
  "description": "Analytics Dashboard for HR and Leaders",
  "security": {
    "access": {
      "requiresAuthentication": true,
      "roles": ["HR", "Manager", "Executive"]
    }
  },
  "variables": {
    "selectedPeriod": { "type": "string", "defaultValue": "ytd" },
    "headcountView": { "type": "string", "defaultValue": "total" },
    "kpis": {
      "type": "object",
      "defaultValue": {
        "headcount": { "value": 0, "change": 0, "trend": [] },
        "turnover": { "value": 0, "change": 0 },
        "retention": { "value": 0, "change": 0 },
        "openRoles": { "value": 0 },
        "timeToFill": { "value": 0, "change": 0 },
        "engagement": { "value": 0, "change": 0 }
      }
    },
    "headcountData": { "type": "array", "defaultValue": [] },
    "departmentData": { "type": "array", "defaultValue": [] },
    "genderData": { "type": "array", "defaultValue": [] },
    "ageData": { "type": "array", "defaultValue": [] },
    "tenureData": { "type": "array", "defaultValue": [] },
    "avgTenure": { "type": "number", "defaultValue": 0 },
    "performanceData": { "type": "array", "defaultValue": [] },
    "nineBox": {
      "type": "object",
      "defaultValue": {
        "star": 0, "growth": 0, "enigma": 0,
        "highPerf": 0, "core": 0, "dilemma": 0,
        "trusted": 0, "effective": 0, "underPerf": 0
      }
    },
    "flightRisk": { "type": "array", "defaultValue": [] },
    "compaRatioData": { "type": "array", "defaultValue": [] },
    "avgCompaRatio": { "type": "number", "defaultValue": 100 },
    "learningData": { "type": "array", "defaultValue": [] },
    "avgLearningHours": { "type": "number", "defaultValue": 0 },
    "complianceRate": { "type": "number", "defaultValue": 0 },
    "compliance": { "type": "object", "defaultValue": { "completed": 0, "inProgress": 0, "overdue": 0 } },
    "insights": { "type": "array", "defaultValue": [] }
  },
  "chains": {
    "loadAnalyticsData": {
      "root": "fetchKPIs",
      "actions": {
        "fetchKPIs": {
          "module": "vb/action/builtin/restAction",
          "parameters": {
            "endpoint": "oracleHCM/getWorkforceAnalytics",
            "uriParams": { "period": "{{ $page.variables.selectedPeriod }}" }
          },
          "outcomes": { "success": "assignKPIs" }
        },
        "assignKPIs": {
          "module": "vb/action/builtin/assignVariablesAction",
          "parameters": {
            "$page.variables.kpis": { "source": "{{ $chain.results.fetchKPIs.body.kpis }}" },
            "$page.variables.headcountData": { "source": "{{ $chain.results.fetchKPIs.body.headcountTrend }}" },
            "$page.variables.departmentData": { "source": "{{ $chain.results.fetchKPIs.body.departmentDistribution }}" }
          },
          "outcomes": { "success": "fetchDiversity" }
        },
        "fetchDiversity": {
          "module": "vb/action/builtin/restAction",
          "parameters": {
            "endpoint": "oracleHCM/getDiversityMetrics"
          },
          "outcomes": { "success": "assignDiversity" }
        },
        "assignDiversity": {
          "module": "vb/action/builtin/assignVariablesAction",
          "parameters": {
            "$page.variables.genderData": { "source": "{{ $chain.results.fetchDiversity.body.gender }}" },
            "$page.variables.ageData": { "source": "{{ $chain.results.fetchDiversity.body.age }}" },
            "$page.variables.tenureData": { "source": "{{ $chain.results.fetchDiversity.body.tenure }}" }
          },
          "outcomes": { "success": "fetchTalent" }
        },
        "fetchTalent": {
          "module": "vb/action/builtin/restAction",
          "parameters": {
            "endpoint": "oracleHCM/getTalentAnalytics"
          },
          "outcomes": { "success": "assignTalent" }
        },
        "assignTalent": {
          "module": "vb/action/builtin/assignVariablesAction",
          "parameters": {
            "$page.variables.performanceData": { "source": "{{ $chain.results.fetchTalent.body.performanceDistribution }}" },
            "$page.variables.nineBox": { "source": "{{ $chain.results.fetchTalent.body.nineBox }}" },
            "$page.variables.flightRisk": { "source": "{{ $chain.results.fetchTalent.body.flightRisk }}" }
          }
        }
      }
    },
    "exportReport": {
      "root": "generateReport",
      "actions": {
        "generateReport": {
          "module": "vb/action/builtin/restAction",
          "parameters": {
            "endpoint": "oracleHCM/generateAnalyticsReport",
            "body": {
              "period": "{{ $page.variables.selectedPeriod }}",
              "format": "pdf"
            }
          },
          "outcomes": { "success": "downloadReport" }
        },
        "downloadReport": {
          "module": "vb/action/builtin/callModuleFunctionAction",
          "parameters": {
            "module": "{{ $application.path }}app-functions",
            "functionName": "downloadFile",
            "params": ["{{ $chain.results.generateReport.body.reportUrl }}"]
          }
        }
      }
    }
  },
  "eventListeners": {
    "vbEnter": { "chains": [{ "chainId": "loadAnalyticsData" }] }
  }
}
