{
  "id": "colleague360webapp",
  "description": "Colleague 360 Portal - Unified HR Experience Platform",
  "defaultPage": "shell-page",
  "services": {},
  "translations": {
    "app": {
      "path": "./resources/strings/app/nls/app-strings"
    }
  },
  "events": {
    "navMenuVisible": {
      "payloadType": {
        "visible": "boolean"
      }
    },
    "navigateToFlow": {
      "payloadType": {
        "flowId": "string"
      }
    },
    "themeChanged": {
      "payloadType": {
        "theme": "string"
      }
    }
  },
  "types": {
    "Employee": {
      "personId": "number",
      "displayName": "string",
      "email": "string",
      "jobTitle": "string",
      "department": "string",
      "managerId": "number",
      "managerName": "string",
      "hireDate": "string",
      "location": "string",
      "photoUrl": "string",
      "employeeId": "string"
    },
    "ActionItem": {
      "id": "string",
      "type": "string",
      "title": "string",
      "description": "string",
      "source": "string",
      "priority": "string",
      "dueDate": "string",
      "actionUrl": "string",
      "status": "string"
    },
    "KPI": {
      "id": "string",
      "name": "string",
      "value": "any",
      "trend": "string",
      "target": "any",
      "unit": "string",
      "category": "string"
    },
    "Notification": {
      "id": "string",
      "title": "string",
      "message": "string",
      "type": "string",
      "priority": "string",
      "timestamp": "string",
      "read": "boolean",
      "actionUrl": "string"
    },
    "QuickLink": {
      "id": "string",
      "label": "string",
      "icon": "string",
      "url": "string",
      "category": "string",
      "description": "string"
    }
  },
  "variables": {
    "currentUser": {
      "type": "Employee",
      "defaultValue": {}
    },
    "userRole": {
      "type": "string",
      "defaultValue": "employee"
    },
    "theme": {
      "type": "string",
      "defaultValue": "light"
    },
    "navMenuVisible": {
      "type": "boolean",
      "defaultValue": true
    },
    "notifications": {
      "type": "Notification[]",
      "defaultValue": []
    },
    "unreadNotificationCount": {
      "type": "number",
      "defaultValue": 0
    }
  },
  "eventListeners": {
    "navMenuVisible": {
      "chains": [
        {
          "chainId": "updateNavMenuVisibility",
          "parameters": {
            "event": "{{ $event }}"
          }
        }
      ]
    },
    "vbResourceChanged": {
      "chains": [
        {
          "chainId": "resourceChangedHandler",
          "parameters": {
            "event": "{{ $event }}"
          }
        }
      ]
    }
  },
  "chains": {
    "updateNavMenuVisibility": {
      "root": "assignNavVisible",
      "actions": {
        "assignNavVisible": {
          "module": "vb/action/builtin/assignVariablesAction",
          "parameters": {
            "$application.variables.navMenuVisible": {
              "source": "{{ $event.detail.visible }}"
            }
          }
        }
      }
    },
    "resourceChangedHandler": {
      "root": "noop",
      "actions": {
        "noop": {
          "module": "vb/action/builtin/assignVariablesAction",
          "parameters": {
            "$application.variables.theme": {
              "source": "{{ $application.variables.theme }}"
            }
          }
        }
      }
    }
  },
  "userConfig": {
    "type": "vb/DefaultSecurityProvider",
    "configuration": {
      "authentication": {
        "type": "implicit"
      }
    },
    "embedding": "deny"
  },
  "security": {
    "access": {
      "requiresAuthentication": false
    }
  },
  "imports": {
    "css": [
      "/resources/css/app.css",
      "/resources/css/redwood-overrides.css",
      "https://static.oracle.com/cdn/fnd/gallery/2410.0.0/images/iconfont/ojuxIconFont.min.css"
    ]
  },
  "settings": {
    "stopValidationPreLoading": true
  },
  "requirejs": {
    "paths": {
      "oj-sp": "https://static.oracle.com/cdn/spectra-ui/oj-sp/2410.0.3/",
      "oj-dyn": "https://static.oracle.com/cdn/jet/packs/oj-dyn/16.1.6/min/",
      "oj-dynamic": "https://static.oracle.com/cdn/jet/packs/oj-dynamic/16.1.6/min/"
    }
  }
}
