{
  "id": "colleague360webapp",
  "description": "Colleague 360 Portal Web Application",
  "defaultPage": "shell",
  "pages": {
    "shell": "pages/shell/shell.json",
    "dashboard": "pages/dashboard/dashboard.json",
    "my-profile": "pages/my-profile/my-profile.json",
    "my-team": "pages/my-team/my-team.json",
    "payroll": "pages/payroll/payroll.json",
    "benefits": "pages/benefits/benefits.json",
    "time-absence": "pages/time-absence/time-absence.json",
    "learning": "pages/learning/learning.json",
    "performance": "pages/performance/performance.json",
    "compensation": "pages/compensation/compensation.json",
    "approvals": "pages/approvals/approvals.json",
    "talent": "pages/talent/talent.json",
    "recruitment": "pages/recruitment/recruitment.json",
    "quick-links": "pages/quick-links/quick-links.json",
    "analytics": "pages/analytics/analytics.json"
  },
  "types": {
    "Employee": {
      "personId": "number",
      "displayName": "string",
      "email": "string",
      "jobTitle": "string",
      "department": "string",
      "managerId": "number",
      "managerName": "string",
      "hireDate": "string",
      "location": "string",
      "photoUrl": "string"
    },
    "ActionItem": {
      "id": "string",
      "type": "string",
      "title": "string",
      "description": "string",
      "source": "string",
      "priority": "string",
      "dueDate": "string",
      "actionUrl": "string"
    },
    "KPI": {
      "id": "string",
      "name": "string",
      "value": "any",
      "trend": "string",
      "target": "any",
      "unit": "string"
    }
  },
  "variables": {
    "currentUser": {
      "type": "Employee"
    },
    "userRole": {
      "type": "string",
      "defaultValue": "employee"
    },
    "pendingActions": {
      "type": "ActionItem[]",
      "defaultValue": []
    }
  },
  "chains": {
    "initializeApplication": "chains/initializeApplication.json",
    "fetchUserProfile": "chains/fetchUserProfile.json",
    "fetchPendingActions": "chains/fetchPendingActions.json",
    "navigateToPage": "chains/navigateToPage.json"
  },
  "eventListeners": {
    "vbEnter": {
      "chains": [
        {
          "chainId": "initializeApplication"
        }
      ]
    }
  }
}
