{
  "title": "Colleague 360 Portal",
  "description": "Main application shell with Cookbook dashboard template",
  "routerFlow": "dashboard",
  "variables": {
    "currentNavItem": {
      "type": "string",
      "defaultValue": "dashboard"
    },
    "openDrawer": {
      "type": "boolean",
      "defaultValue": "[[ $application.responsive.lgUp ]]"
    },
    "messagesADP": {
      "type": "vb/ArrayDataProvider2",
      "defaultValue": {
        "keyAttributes": "id",
        "itemType": "page:messageType"
      }
    },
    "unreadCount": {
      "type": "number",
      "defaultValue": 5
    },
    "searchQuery": {
      "type": "string",
      "defaultValue": ""
    },
    "notificationCount": {
      "type": "number",
      "defaultValue": 0
    },
    "pendingApprovalCount": {
      "type": "number",
      "defaultValue": 0
    },
    "isNavDrawerOpen": {
      "type": "boolean",
      "defaultValue": true
    },
    "theme": {
      "type": "string",
      "defaultValue": "light"
    },
    "searchVisible": {
      "type": "boolean",
      "defaultValue": false
    },
    "searchFilter": {
      "type": "string",
      "defaultValue": "all"
    },
    "searchResults": {
      "type": "object",
      "defaultValue": {
        "people": [],
        "pages": [],
        "actions": [],
        "documents": [],
        "total": 0
      }
    },
    "recentSearches": {
      "type": "array",
      "defaultValue": []
    },
    "notificationPanelOpen": {
      "type": "boolean",
      "defaultValue": false
    },
    "notificationTab": {
      "type": "string",
      "defaultValue": "all"
    },
    "notifications": {
      "type": "object",
      "defaultValue": {
        "all": [],
        "urgent": [],
        "action": [],
        "fyi": []
      }
    },
    "fabExpanded": {
      "type": "boolean",
      "defaultValue": false
    }
  },
  "types": {
    "messageType": {
      "id": "string",
      "severity": "string",
      "category": "string",
      "summary": "string",
      "detail": "string",
      "timestamp": "string",
      "autoTimeout": "number"
    }
  },
  "chains": {
    "initializeShell": {
      "root": "loadTheme",
      "actions": {
        "loadTheme": {
          "module": "vb/action/builtin/callModuleFunctionAction",
          "parameters": {
            "module": "{{ $page.path }}shell-functions",
            "functionName": "loadSavedTheme"
          },
          "outcomes": {
            "success": "setThemeVar"
          }
        },
        "setThemeVar": {
          "module": "vb/action/builtin/assignVariablesAction",
          "parameters": {
            "$page.variables.theme": {
              "source": "{{ $chain.results.loadTheme }}"
            }
          },
          "outcomes": {
            "success": "setupKeyboardShortcuts"
          }
        },
        "setupKeyboardShortcuts": {
          "module": "vb/action/builtin/callModuleFunctionAction",
          "parameters": {
            "module": "{{ $page.path }}shell-functions",
            "functionName": "initKeyboardShortcuts",
            "params": ["{{ $page }}"]
          }
        }
      }
    },
    "toggleTheme": {
      "root": "setTheme",
      "actions": {
        "setTheme": {
          "module": "vb/action/builtin/assignVariablesAction",
          "parameters": {
            "$page.variables.theme": {
              "source": "{{ $page.variables.theme === 'light' ? 'dark' : 'light' }}"
            }
          },
          "outcomes": {
            "success": "applyTheme"
          }
        },
        "applyTheme": {
          "module": "vb/action/builtin/callModuleFunctionAction",
          "parameters": {
            "module": "{{ $page.path }}shell-functions",
            "functionName": "applyTheme",
            "params": ["{{ $page.variables.theme }}"]
          }
        }
      }
    },
    "NavigationListSelectionChangeChain": {
      "root": "navigateToFlow",
      "actions": {
        "navigateToFlow": {
          "module": "vb/action/builtin/navigateToFlowAction",
          "parameters": {
            "target": "{{ $chain.variables.selection }}"
          }
        }
      },
      "variables": {
        "selection": {
          "type": "string",
          "input": "fromCaller",
          "required": true
        }
      }
    },
    "toggleNavigation": {
      "root": "toggleDrawer",
      "actions": {
        "toggleDrawer": {
          "module": "vb/action/builtin/assignVariablesAction",
          "parameters": {
            "$page.variables.openDrawer": {
              "source": "{{ !$page.variables.openDrawer }}"
            }
          }
        }
      }
    },
    "toggleNotificationPanel": {
      "root": "togglePanel",
      "actions": {
        "togglePanel": {
          "module": "vb/action/builtin/assignVariablesAction",
          "parameters": {
            "$page.variables.notificationPanelOpen": {
              "source": "{{ !$page.variables.notificationPanelOpen }}"
            }
          }
        }
      }
    },
    "showNotification": {
      "root": "addMessage",
      "actions": {
        "addMessage": {
          "module": "vb/action/builtin/callModuleFunctionAction",
          "parameters": {
            "module": "{{ $page.path }}shell-functions",
            "functionName": "addNotificationMessage",
            "params": ["{{ $chain.variables.eventPayload }}"]
          }
        }
      },
      "variables": {
        "eventPayload": {
          "type": "object",
          "input": "fromCaller",
          "required": true
        }
      }
    },
    "closeNotificationHandler": {
      "root": "removeMessage",
      "actions": {
        "removeMessage": {
          "module": "vb/action/builtin/callModuleFunctionAction",
          "parameters": {
            "module": "{{ $page.path }}shell-functions",
            "functionName": "removeNotificationMessage",
            "params": ["{{ $chain.variables.eventMessage }}"]
          }
        }
      },
      "variables": {
        "eventMessage": {
          "type": "object",
          "input": "fromCaller",
          "required": true
        }
      }
    },
    "openUniversalSearch": {
      "root": "showSearch",
      "actions": {
        "showSearch": {
          "module": "vb/action/builtin/assignVariablesAction",
          "parameters": {
            "$page.variables.searchVisible": {
              "source": true
            }
          }
        }
      }
    },
    "closeUniversalSearch": {
      "root": "hideSearch",
      "actions": {
        "hideSearch": {
          "module": "vb/action/builtin/assignVariablesAction",
          "parameters": {
            "$page.variables.searchVisible": {
              "source": false
            },
            "$page.variables.searchQuery": {
              "source": ""
            }
          }
        }
      }
    },
    "performSearch": {
      "root": "callSearch",
      "actions": {
        "callSearch": {
          "module": "vb/action/builtin/callModuleFunctionAction",
          "parameters": {
            "module": "{{ $page.path }}shell-functions",
            "functionName": "performSearch",
            "params": ["{{ $page.variables.searchQuery }}", "{{ $page.variables.searchFilter }}"]
          },
          "outcomes": {
            "success": "assignResults"
          }
        },
        "assignResults": {
          "module": "vb/action/builtin/assignVariablesAction",
          "parameters": {
            "$page.variables.searchResults": {
              "source": "{{ $chain.results.callSearch }}"
            }
          }
        }
      }
    },
    "navigateToPage": {
      "root": "navigateAction",
      "actions": {
        "navigateAction": {
          "module": "vb/action/builtin/navigateToPageAction",
          "parameters": {
            "page": "{{ $page.variables.currentNavItem.replace('nav-', '') }}"
          }
        }
      }
    },
    "openNotifications": {
      "root": "showPanel",
      "actions": {
        "showPanel": {
          "module": "vb/action/builtin/assignVariablesAction",
          "parameters": {
            "$page.variables.notificationPanelOpen": {
              "source": true
            }
          }
        }
      }
    },
    "closeNotifications": {
      "root": "hidePanel",
      "actions": {
        "hidePanel": {
          "module": "vb/action/builtin/assignVariablesAction",
          "parameters": {
            "$page.variables.notificationPanelOpen": {
              "source": false
            }
          }
        }
      }
    },
    "fetchNotifications": {
      "root": "callRestAction",
      "actions": {
        "callRestAction": {
          "module": "vb/action/builtin/restAction",
          "parameters": {
            "endpoint": "oracleHCM/getNotifications",
            "uriParams": {
              "personId": "{{ $application.variables.currentUser.personId }}"
            }
          },
          "outcomes": {
            "success": "processNotifications"
          }
        },
        "processNotifications": {
          "module": "vb/action/builtin/callModuleFunctionAction",
          "parameters": {
            "module": "{{ $page.path }}shell-functions",
            "functionName": "groupNotifications",
            "params": ["{{ $chain.results.callRestAction.body.items || [] }}"]
          },
          "outcomes": {
            "success": "assignNotifications"
          }
        },
        "assignNotifications": {
          "module": "vb/action/builtin/assignVariablesAction",
          "parameters": {
            "$page.variables.notifications": {
              "source": "{{ $chain.results.processNotifications }}"
            },
            "$page.variables.notificationCount": {
              "source": "{{ $chain.results.callRestAction.body.count || 0 }}"
            }
          }
        }
      }
    },
    "toggleFab": {
      "root": "toggle",
      "actions": {
        "toggle": {
          "module": "vb/action/builtin/assignVariablesAction",
          "parameters": {
            "$page.variables.fabExpanded": {
              "source": "{{ !$page.variables.fabExpanded }}"
            }
          }
        }
      }
    },
    "closeFab": {
      "root": "close",
      "actions": {
        "close": {
          "module": "vb/action/builtin/assignVariablesAction",
          "parameters": {
            "$page.variables.fabExpanded": {
              "source": false
            }
          }
        }
      }
    },
    "executeFabAction": {
      "root": "callAction",
      "actions": {
        "callAction": {
          "module": "vb/action/builtin/callModuleFunctionAction",
          "parameters": {
            "module": "{{ $page.path }}shell-functions",
            "functionName": "executeQuickAction",
            "params": ["{{ $chain.variables.action }}", "{{ $page }}"]
          }
        }
      },
      "variables": {
        "action": {
          "type": "string"
        }
      }
    }
  },
  "eventListeners": {
    "vbEnter": {
      "chains": [
        {
          "chainId": "initializeShell"
        }
      ]
    },
    "ojNavigationListSelection": {
      "chains": [
        {
          "chainId": "NavigationListSelectionChangeChain",
          "parameters": {
            "selection": "{{ $event.detail.value }}"
          }
        }
      ]
    },
    "toggleNavListButtonOjAction": {
      "chains": [
        {
          "chainId": "toggleNavigation"
        }
      ]
    },
    "vbNotification": {
      "chains": [
        {
          "chainId": "showNotification",
          "parameters": {
            "eventPayload": "{{ { id: $event.key, summary: $event.summary, detail: $event.message, severity: $event.type, autoTimeout: $event.displayMode === 'transient' ? 0 : -1 } }}"
          }
        }
      ]
    },
    "onMessageClose": {
      "chains": [
        {
          "chainId": "closeNotificationHandler",
          "parameters": {
            "eventMessage": "{{ $event.detail.message }}"
          }
        }
      ]
    },
    "navigationChanged": {
      "chains": [
        {
          "chainId": "NavigationListSelectionChangeChain",
          "parameters": {
            "selection": "{{ $event.detail.value }}"
          }
        }
      ]
    }
  },
  "imports": {
    "components": {
      "oj-avatar": {"path": "ojs/ojavatar"},
      "oj-button": {"path": "ojs/ojbutton"},
      "oj-drawer-layout": {"path": "ojs/ojdrawerlayout"},
      "oj-messages": {"path": "ojs/ojmessages"},
      "oj-menu": {"path": "ojs/ojmenu"},
      "oj-menu-button": {"path": "ojs/ojbutton"},
      "oj-navigation-list": {"path": "ojs/ojnavigationlist"},
      "oj-option": {"path": "ojs/ojoption"},
      "oj-toolbar": {"path": "ojs/ojtoolbar"},
      "oj-input-search": {"path": "ojs/ojinputsearch"},
      "oj-badge": {}
    }
  }
}
