{
  "title": "Colleague 360 Portal",
  "description": "Main application shell with navigation",
  "variables": {
    "currentNavItem": {
      "type": "string",
      "defaultValue": "nav-dashboard"
    },
    "searchQuery": {
      "type": "string",
      "defaultValue": ""
    },
    "notificationCount": {
      "type": "number",
      "defaultValue": 0
    },
    "pendingApprovalCount": {
      "type": "number",
      "defaultValue": 0
    },
    "isNavDrawerOpen": {
      "type": "boolean",
      "defaultValue": true
    },
    "theme": {
      "type": "string",
      "defaultValue": "light"
    },
    "searchVisible": {
      "type": "boolean",
      "defaultValue": false
    },
    "searchFilter": {
      "type": "string",
      "defaultValue": "all"
    },
    "searchResults": {
      "type": "object",
      "defaultValue": {
        "people": [],
        "pages": [],
        "actions": [],
        "documents": [],
        "total": 0
      }
    },
    "recentSearches": {
      "type": "array",
      "defaultValue": []
    },
    "notificationPanelOpen": {
      "type": "boolean",
      "defaultValue": false
    },
    "notificationTab": {
      "type": "string",
      "defaultValue": "all"
    },
    "notifications": {
      "type": "object",
      "defaultValue": {
        "all": [],
        "urgent": [],
        "action": [],
        "fyi": []
      }
    },
    "fabExpanded": {
      "type": "boolean",
      "defaultValue": false
    }
  },
  "chains": {
    "initializeShell": {
      "root": "loadTheme",
      "actions": {
        "loadTheme": {
          "module": "vb/action/builtin/callModuleFunctionAction",
          "parameters": {
            "module": "{{ $page.path }}shell-functions",
            "functionName": "loadThemePreference"
          },
          "outcomes": {
            "success": "assignTheme"
          }
        },
        "assignTheme": {
          "module": "vb/action/builtin/assignVariablesAction",
          "parameters": {
            "$page.variables.theme": {
              "source": "{{ $chain.results.loadTheme }}"
            }
          },
          "outcomes": {
            "success": "initKeyboard"
          }
        },
        "initKeyboard": {
          "module": "vb/action/builtin/callModuleFunctionAction",
          "parameters": {
            "module": "{{ $page.path }}shell-functions",
            "functionName": "initKeyboardShortcuts",
            "params": ["{{ $page }}"]
          },
          "outcomes": {
            "success": "fetchNotifications"
          }
        },
        "fetchNotifications": {
          "module": "vb/action/builtin/callChainAction",
          "parameters": {
            "chainId": "fetchNotifications"
          }
        }
      }
    },
    "toggleTheme": {
      "root": "callToggle",
      "actions": {
        "callToggle": {
          "module": "vb/action/builtin/callModuleFunctionAction",
          "parameters": {
            "module": "{{ $page.path }}shell-functions",
            "functionName": "toggleTheme",
            "params": ["{{ $page }}"]
          }
        }
      }
    },
    "openUniversalSearch": {
      "root": "showSearch",
      "actions": {
        "showSearch": {
          "module": "vb/action/builtin/assignVariablesAction",
          "parameters": {
            "$page.variables.searchVisible": {
              "source": true
            }
          }
        }
      }
    },
    "closeUniversalSearch": {
      "root": "hideSearch",
      "actions": {
        "hideSearch": {
          "module": "vb/action/builtin/assignVariablesAction",
          "parameters": {
            "$page.variables.searchVisible": {
              "source": false
            },
            "$page.variables.searchQuery": {
              "source": ""
            }
          }
        }
      }
    },
    "performSearch": {
      "root": "callSearch",
      "actions": {
        "callSearch": {
          "module": "vb/action/builtin/callModuleFunctionAction",
          "parameters": {
            "module": "{{ $page.path }}shell-functions",
            "functionName": "performSearch",
            "params": ["{{ $page.variables.searchQuery }}", "{{ $page.variables.searchFilter }}"]
          },
          "outcomes": {
            "success": "assignResults"
          }
        },
        "assignResults": {
          "module": "vb/action/builtin/assignVariablesAction",
          "parameters": {
            "$page.variables.searchResults": {
              "source": "{{ $chain.results.callSearch }}"
            }
          }
        }
      }
    },
    "navigateToPage": {
      "root": "navigateAction",
      "actions": {
        "navigateAction": {
          "module": "vb/action/builtin/navigateToPageAction",
          "parameters": {
            "page": "{{ $page.variables.currentNavItem.replace('nav-', '') }}"
          }
        }
      }
    },
    "openNotifications": {
      "root": "showPanel",
      "actions": {
        "showPanel": {
          "module": "vb/action/builtin/assignVariablesAction",
          "parameters": {
            "$page.variables.notificationPanelOpen": {
              "source": true
            }
          }
        }
      }
    },
    "closeNotifications": {
      "root": "hidePanel",
      "actions": {
        "hidePanel": {
          "module": "vb/action/builtin/assignVariablesAction",
          "parameters": {
            "$page.variables.notificationPanelOpen": {
              "source": false
            }
          }
        }
      }
    },
    "fetchNotifications": {
      "root": "callRestAction",
      "actions": {
        "callRestAction": {
          "module": "vb/action/builtin/restAction",
          "parameters": {
            "endpoint": "oracleHCM/getNotifications",
            "uriParams": {
              "personId": "{{ $application.variables.currentUser.personId }}"
            }
          },
          "outcomes": {
            "success": "processNotifications"
          }
        },
        "processNotifications": {
          "module": "vb/action/builtin/callModuleFunctionAction",
          "parameters": {
            "module": "{{ $page.path }}shell-functions",
            "functionName": "groupNotifications",
            "params": ["{{ $chain.results.callRestAction.body.items || [] }}"]
          },
          "outcomes": {
            "success": "assignNotifications"
          }
        },
        "assignNotifications": {
          "module": "vb/action/builtin/assignVariablesAction",
          "parameters": {
            "$page.variables.notifications": {
              "source": "{{ $chain.results.processNotifications }}"
            },
            "$page.variables.notificationCount": {
              "source": "{{ $chain.results.callRestAction.body.count || 0 }}"
            }
          }
        }
      }
    },
    "toggleFab": {
      "root": "toggle",
      "actions": {
        "toggle": {
          "module": "vb/action/builtin/assignVariablesAction",
          "parameters": {
            "$page.variables.fabExpanded": {
              "source": "{{ !$page.variables.fabExpanded }}"
            }
          }
        }
      }
    },
    "closeFab": {
      "root": "close",
      "actions": {
        "close": {
          "module": "vb/action/builtin/assignVariablesAction",
          "parameters": {
            "$page.variables.fabExpanded": {
              "source": false
            }
          }
        }
      }
    },
    "executeFabAction": {
      "root": "callAction",
      "actions": {
        "callAction": {
          "module": "vb/action/builtin/callModuleFunctionAction",
          "parameters": {
            "module": "{{ $page.path }}shell-functions",
            "functionName": "executeQuickAction",
            "params": ["{{ $chain.variables.action }}", "{{ $page }}"]
          }
        }
      },
      "variables": {
        "action": {
          "type": "string"
        }
      }
    }
  },
  "eventListeners": {
    "vbEnter": {
      "chains": [
        {
          "chainId": "initializeShell"
        }
      ]
    },
    "navigationChanged": {
      "chains": [
        {
          "chainId": "navigateToPage"
        }
      ]
    }
  }
}
